id,slug,title,status,words,ptype,http
10369,shrkh-tkhzyn-bdaya-fy-qtr,شركة تخزين بضائع في قطر,updated,1328,general,200
10368,shrkh-tkhzyn-athath-fy-qtr,شركة تخزين أثاث في قطر,updated,1320,move,200
10258,house-cleaning-in-qatar,شركة تنظيف منازل في قطر,updated,1332,cleaning,200
10272,cockroach-control-in-qatar,شركة مكافحة الصراصير في قطر,updated,1354,pest,200
11140,gas-leak-detection-doha,شركة كشف تسربات الغاز في الدوحة,updated,1358,gasleak,200
3182,sewerage-company-in-doha,شركة تسليك مجاري في الدوحة,updated,1358,sewer,200
10334,shrkh-tnzyf-mnazl-fy-qtr-2,شركة تنظيف منازل في قطر,updated,1395,insulation,200
10357,shrkh-mkafhh-srasyr-fy-qtr,شركة مكافحة صراصير في قطر,updated,1358,pest,200
11148,ac-leak-detection-doha,شركة كشف تسربات التكييف في الدوحة,updated,1367,acleak,200
12868,ac-maintenance-qatar-en,AC maintenance in Doha and Qatar,updated,92,ac,200
12867,roof-insulation-qatar-en,Roof insulation in Qatar,updated,100,insulation,200
12866,water-leak-detection-qatar-en,Water leak detection in Qatar without breaking,updated,91,general,200
10456,shrkh-trkyb-jlsat-kharjyh-fy-qtr,شركة تركيب جلسات خارجية في قطر,updated,1352,outdoor,200
10455,shrkh-trkyb-brjwlat-khshbyh-fy-qtr,شركة تركيب برجولات خشبية في قطر,updated,1350,outdoor,200
10454,shrkh-trkyb-swatr-fy-qtr,شركة تركيب سواتر في قطر,updated,1320,outdoor,200
10453,shrkh-trkyb-mzlat-syarat-fy-qtr,شركة تركيب مظلات سيارات في قطر,updated,1350,outdoor,200
10452,shrkh-syanh-msabh-fy-qtr,شركة صيانة مسابح في قطر,updated,1349,pool,200
10451,shrkh-ansha-msabh-fy-qtr,شركة إنشاء مسابح في قطر,updated,1352,pool,200
10450,shrkh-tsmym-nwafyr-fy-qtr,شركة تصميم نوافير في قطر,updated,1348,garden,200
10449,shrkh-tsmym-shlalat-fy-qtr,شركة تصميم شلالات في قطر,updated,1354,garden,200
10448,shrkh-trkyb-shbkat-ry-fy-qtr,شركة تركيب شبكات ري في قطر,updated,1387,garden,200
10447,shrkh-tkryb-nkhyl-fy-qtr,شركة تكريب نخيل في قطر,updated,1348,garden,200
10446,shrkh-qs-ashjar-fy-qtr,شركة قص أشجار في قطر,updated,1301,trees,200
10445,shrkh-zraah-ashb-tbyay-fy-qtr,شركة زراعة عشب طبيعي في قطر,updated,1388,garden,200
10444,shrkh-trkyb-ashb-snaay-fy-qtr,شركة تركيب عشب صناعي في قطر,updated,1387,garden,200
10443,shrkh-tsmym-hdayq-fy-qtr,شركة تصميم حدائق في قطر,updated,1355,garden,200
10442,shrkh-tnsyq-hdayq-fy-qtr,شركة تنسيق حدائق في قطر,updated,1353,garden,200
10441,shrkh-syanh-msaad-fy-qtr,شركة صيانة مصاعد في قطر,updated,1302,elevator,200
10440,shrkh-syanh-abwab-awtwmatykyh-fy-qtr,شركة صيانة أبواب أوتوماتيكية في قطر,updated,1344,doors,200
10439,hdadh-abwab-wnwafdh-fy-qtr,حدادة أبواب ونوافذ في قطر,updated,1331,doors,200
10438,shrkh-syanh-abwab-khshbyh-fy-qtr,شركة صيانة أبواب خشبية في قطر,updated,1340,doors,200
10437,mnjrh-njarh-athath-fy-qtr,منجرة نجارة أثاث في قطر,updated,1324,carpentry,200
10436,shrkh-tfsyl-mtabkh-fy-qtr,شركة تفصيل مطابخ في قطر,updated,1324,kitchen,200
10435,shrkh-trkyb-alwmnywm-fy-qtr,شركة تركيب ألومنيوم في قطر,updated,1300,aluminum,200
10434,shrkh-trkyb-zjaj-sykwryt-fy-qtr,شركة تركيب زجاج سيكوريت في قطر,updated,1340,glass,200
10433,shrkh-trkyb-fwm-jdran-fy-qtr,شركة تركيب فوم جدران في قطر,updated,1418,insulation,200
10432,shrkh-trkyb-bdyl-rkham-fy-qtr,شركة تركيب بديل رخام في قطر,updated,1371,floor,200
10431,shrkh-trkyb-bdyl-khshb-fy-qtr,شركة تركيب بديل خشب في قطر,updated,1337,woodalt,200
10430,shrkh-trkyb-barkyh-fy-qtr,شركة تركيب باركيه في قطر,updated,1339,floor,200
10429,shrkh-trkyb-ardyat-aybwksy-fy-qtr,شركة تركيب أرضيات إيبوكسي في قطر,updated,1370,floor,200
10428,shrkh-trkyb-krbstwn-fy-qtr,شركة تركيب كربستون في قطر,updated,1336,floor,200
10427,shrkh-trkyb-antrlwk-fy-qtr,شركة تركيب انترلوك في قطر,updated,1339,floor,200
10426,shrkh-trkyb-rkham-wjranyt-fy-qtr,شركة تركيب رخام وجرانيت في قطر,updated,1371,floor,200
10425,shrkh-trkyb-syramyk-wbwrslyn-fy-qtr,شركة تركيب سيراميك وبورسلين في قطر,updated,1375,floor,200
10424,shrkh-trkyb-asqf-mstaarh-fy-qtr,شركة تركيب أسقف مستعارة في قطر,updated,1372,paint,200
10423,shrkh-trkyb-jbs-bwrd-fy-qtr,شركة تركيب جبس بورد في قطر,updated,1370,paint,200
10422,shrkh-trkyb-wrq-jdran-fy-qtr,شركة تركيب ورق جدران في قطر,updated,1372,paint,200
10421,shrkh-dykwrat-dakhlyh-fy-qtr,شركة ديكورات داخلية في قطر,updated,1341,paint,200
10420,shrkh-dhanat-kharjyh-fy-qtr,شركة دهانات خارجية في قطر,updated,1336,paint,200
10419,shrkh-dhanat-dakhlyh-fy-qtr,شركة دهانات داخلية في قطر,updated,1338,paint,200
10418,shrkh-hdm-mbany-fy-qtr,شركة هدم مباني في قطر,updated,1334,build,200
10417,shrkh-tshtyb-shqq-fy-qtr,شركة تشطيب شقق في قطر,updated,1336,build,200
10416,shrkh-tshtyb-fll-fy-qtr,شركة تشطيب فلل في قطر,updated,1334,build,200
10415,shrkh-trmym-mtabkh-fy-qtr,شركة ترميم مطابخ في قطر,updated,1324,kitchen,200
10414,shrkh-trmym-hmamat-fy-qtr,شركة ترميم حمامات في قطر,updated,1325,kitchen,200
10413,shrkh-trmym-mnazl-fy-qtr,شركة ترميم منازل في قطر,updated,1310,restore,200
10412,shrkh-bna-astrahat-fy-qtr,شركة بناء استراحات في قطر,updated,1336,build,200
10411,shrkh-bna-mjals-fy-qtr,شركة بناء مجالس في قطر,updated,1336,build,200
10410,shrkh-bna-mlahq-fy-qtr,شركة بناء ملاحق في قطر,updated,1334,build,200
10409,shrkh-mqawlat-aamh-fy-qtr,شركة مقاولات عامة في قطر,updated,1339,build,200
10408,shrkh-syanh-mbany-fy-qtr,شركة صيانة مباني في قطر,updated,1339,build,200
10407,shrkh-syanh-aamh-fy-qtr,شركة صيانة عامة في قطر,updated,1336,build,200
10406,shrkh-trkyb-taqh-shmsyh-fy-qtr,شركة تركيب طاقة شمسية في قطر,updated,1332,solar,200
10405,shrkh-trkyb-stalayt-fy-qtr,شركة تركيب ستالايت في قطر,updated,1340,elec,200
10404,shrkh-trkyb-ajhzh-andhar-hryq-fy-qtr,شركة تركيب أجهزة إنذار حريق في قطر,updated,1376,fire,200
10403,shrkh-trkyb-antrkm-fy-qtr,شركة تركيب انتركم في قطر,updated,1346,elec,200
10402,shrkh-syanh-kamyrat-mraqbh-fy-qtr,شركة صيانة كاميرات مراقبة في قطر,updated,1376,elec,200
10401,shrkh-trkyb-kamyrat-mraqbh-fy-qtr,شركة تركيب كاميرات مراقبة في قطر,updated,1377,elec,200
10400,shrkh-trkyb-anzmh-dhkyh-fy-qtr,شركة تركيب أنظمة ذكية في قطر,updated,1379,elec,200
10399,shrkh-tasys-khrba-fy-qtr,شركة تأسيس كهرباء في قطر,updated,1345,elec,200
10398,shrkh-syanh-khrba-fy-qtr,شركة صيانة كهرباء في قطر,updated,1343,elec,200
10395,shrkh-syanh-mykrwwyf-fy-qtr,شركة صيانة ميكروويف في قطر,updated,1328,appliance,200
10394,shrkh-syanh-tbakhat-fy-qtr,شركة صيانة طباخات في قطر,updated,1321,appliance,200
10393,shrkh-syanh-afran-fy-qtr,شركة صيانة أفران في قطر,updated,1323,appliance,200
10392,shrkh-syanh-nshafat-fy-qtr,شركة صيانة نشافات في قطر,updated,1326,appliance,200
10391,shrkh-syanh-ghsalat-fy-qtr,شركة صيانة غسالات في قطر,updated,1323,appliance,200
10390,shrkh-syanh-thlajat-fy-qtr,شركة صيانة ثلاجات في قطر,updated,1324,appliance,200
10389,shrkh-syanh-ghrf-tbryd-wtjmyd-fy-qtr,شركة صيانة غرف تبريد وتجميد في قطر,updated,1378,coldroom,200
10388,shrkh-tabyh-ghaz-mkyfat-fy-qtr,شركة تعبئة غاز مكيفات في قطر,updated,1423,ac,200
10387,shrkh-ghsyl-mkyfat-fy-qtr,شركة غسيل مكيفات في قطر,updated,1396,ac,200
10384,shrkh-syanh-skhanat-myah-fy-qtr,شركة صيانة سخانات مياه في قطر,updated,1390,plumbing,200
10383,shrkh-trkyb-mhtat-thlyh-fy-qtr,شركة تركيب محطات تحلية في قطر,updated,1388,plumbing,200
10382,shrkh-trkyb-flatr-myah-fy-qtr,شركة تركيب فلاتر مياه في قطر,updated,1385,plumbing,200
10381,shrkh-syanh-dynamw-fy-qtr,شركة صيانة دينامو في قطر,updated,1362,plumbing,200
10380,shrkh-trkyb-mdkhat-myah-fy-qtr,شركة تركيب مضخات مياه في قطر,updated,1387,plumbing,200
10379,shrkh-tnzyf-ghrf-tftysh-fy-qtr,شركة تنظيف غرف تفتيش في قطر,updated,1356,cleaning,200
10378,shrkh-shft-byarat-fy-qtr,شركة شفط بيارات في قطر,updated,1357,sewer,200
10377,shrkh-tslyk-mjary-fy-qtr,شركة تسليك مجاري في قطر,updated,1357,sewer,200
10376,shrkh-tasys-sbakh-fy-qtr,شركة تأسيس سباكة في قطر,updated,1362,plumbing,200
10367,shrkh-fk-wtrkyb-athath-fy-qtr,شركة فك وتركيب أثاث في قطر,updated,1347,move,200
10366,shrkh-tghlyf-athath-fy-qtr,شركة تغليف أثاث في قطر,updated,1319,move,200
10365,shrkh-nql-athath-fy-qtr,شركة نقل أثاث في قطر,updated,1320,move,200
10364,shrkh-nql-afsh-fy-qtr,شركة نقل عفش في قطر,updated,1315,move,200
10363,shrkh-trkyb-shbk-tywr-fy-qtr,شركة تركيب شبك طيور في قطر,updated,1335,birds,200
10362,shrkh-trkyb-tard-hmam-fy-qtr,شركة تركيب طارد حمام في قطر,updated,1337,birds,200
10361,shrkh-mkafhh-hshrat-zraayh-fy-qtr,شركة مكافحة حشرات زراعية في قطر,updated,1378,pest,200
10360,shrkh-mkafhh-aqarb-wthaabyn-fy-qtr,شركة مكافحة عقارب وثعابين في قطر,updated,1382,pest,200
10358,shrkh-mkafhh-fyran-wqward-fy-qtr,شركة مكافحة فئران وقوارض في قطر,updated,1379,pest,200
10354,shrkh-taqym-mnazl-fy-qtr,شركة تعقيم منازل في قطر,updated,1307,disinfect,200
10353,aamlat-tnzyf-balsaah-fy-qtr,عاملات تنظيف بالساعة في قطر,updated,1340,cleaning,200
10352,shrkh-tlmya-syramyk-fy-qtr,شركة تلميع سيراميك في قطر,updated,1331,cleaning,200
10351,shrkh-jly-rkham-fy-qtr,شركة جلي رخام في قطر,updated,1330,cleaning,200
10350,shrkh-tnzyf-bad-altshtyb-fy-qtr,شركة تنظيف بعد التشطيب في قطر,updated,1355,cleaning,200
10349,shrkh-tnzyf-mdakhn-mtaam-fy-qtr,شركة تنظيف مداخن مطاعم في قطر,updated,1352,cleaning,200
10348,shrkh-tnzyf-dkt-mkyfat-fy-qtr,شركة تنظيف دكت مكيفات في قطر,updated,1345,duct,200
10347,shrkh-tnzyf-mratb-fy-qtr,شركة تنظيف مراتب في قطر,updated,1330,cleaning,200
10346,shrkh-tnzyf-stayr-fy-qtr,شركة تنظيف ستائر في قطر,updated,1331,cleaning,200
10345,shrkh-tnzyf-knb-fy-qtr,شركة تنظيف كنب في قطر,updated,1330,cleaning,200
10344,shrkh-tnzyf-sjad-wmwkyt-fy-qtr,شركة تنظيف سجاد وموكيت في قطر,updated,1356,cleaning,200
10343,shrkh-tnzyf-wajhat-hjryh-fy-qtr,شركة تنظيف واجهات حجرية في قطر,updated,1353,cleaning,200
10342,shrkh-tnzyf-wajhat-zjajyh-fy-qtr,شركة تنظيف واجهات زجاجية في قطر,updated,1337,glass,200
10341,shrkh-tnzyf-msabh-fy-qtr,شركة تنظيف مسابح في قطر,updated,1305,poolclean,200
10339,shrkh-tnzyf-khyam-wbywt-shar-fy-qtr,شركة تنظيف خيام وبيوت شعر في قطر,updated,1377,cleaning,200
10338,shrkh-tnzyf-mjals-fy-qtr,شركة تنظيف مجالس في قطر,updated,1327,cleaning,200
10337,shrkh-tnzyf-qswr-fy-qtr,شركة تنظيف قصور في قطر,updated,1330,cleaning,200
10333,shrkh-fhs-mbany-fy-qtr,شركة فحص مباني في قطر,updated,1308,inspect,200
10332,shrkh-maaljh-alrtwbh-fy-qtr,شركة معالجة الرطوبة في قطر,updated,1391,insulation,200
10331,shrkh-azl-swty-fy-qtr,شركة عزل صوتي في قطر,updated,1393,insulation,200
10330,shrkh-azl-fwm-fy-qtr,شركة عزل فوم في قطر,updated,1391,insulation,200
10329,shrkh-azl-mayy-fy-qtr,شركة عزل مائي في قطر,updated,1393,insulation,200
10328,shrkh-azl-hrary-fy-qtr,شركة عزل حراري في قطر,updated,1390,insulation,200
10327,shrkh-azl-mtabkh-fy-qtr,شركة عزل مطابخ في قطر,updated,1391,insulation,200
10326,shrkh-azl-hmamat-fy-qtr,شركة عزل حمامات في قطر,updated,1395,insulation,200
10325,shrkh-azl-khzanat-fy-qtr,شركة عزل خزانات في قطر,updated,1394,insulation,200
10324,shrkh-azl-asth-fy-qtr,شركة عزل أسطح في قطر,updated,1388,insulation,200
10323,shrkh-kshf-tsrbat-almsabh-fy-qtr,شركة كشف تسربات المسابح في قطر,updated,1359,poolleak,200
10322,shrkh-kshf-tsrbat-alghaz-fy-qtr,شركة كشف تسربات الغاز في قطر,updated,1355,gasleak,200
10304,water-tank-cleaning-in-qatar,شركة تنظيف خزانات مياه في قطر,updated,1356,tankclean,200
10300,outdoor-furniture-moving-in-qatar,شركة نقل أثاث خارجي في قطر,updated,1352,move,200
10298,interior-furniture-moving-in-qatar,شركة نقل أثاث داخلي في قطر,updated,1347,move,200
10295,furniture-moving-with-packing-in-qatar,شركة نقل عفش مع التغليف في قطر,updated,1383,move,200
10293,home-plumber-in-qatar,سباك منازل في قطر,updated,1337,plumbing,200
10290,plumbing-maintenance-in-qatar,شركة صيانة سباكة في قطر,updated,1366,plumbing,200
10285,ac-duct-cleaning-and-maintenance-in-qatar,شركة تنظيف وصيانة دكتات المكيفات في قطر,updated,1381,duct,200
10280,ac-installation-and-maintenance-technician-in-qatar,فني تركيب وصيانة تكييف في قطر,updated,1424,ac,200
10269,central-air-conditioning-maintenance-in-qatar,شركة صيانة تكييف مركزي في قطر,updated,1424,ac,200
10277,termite-control-in-qatar,شركة مكافحة النمل الأبيض في قطر,updated,1379,pest,200
10274,bed-bug-control-in-qatar,شركة مكافحة بق الفراش في قطر,updated,1379,pest,200
10267,apartment-cleaning-in-qatar,شركة تنظيف شقق في قطر,updated,1330,cleaning,200
10264,villa-cleaning-in-qatar,شركة تنظيف فلل في قطر,updated,1327,cleaning,200
10261,pest-control-in-qatar,شركة مكافحة حشرات في قطر,updated,1351,pest,200
10254,split-ac-maintenance-in-qatar,شركة صيانة مكيفات سبليت في قطر,updated,1424,ac,200
2973,water-leak-detection-company-in-qatar,شركة كشف تسربات المياه في قطر,locked,,,
