id,title,slug,url,date,modified,word_count,h2,images,has_faq,priority,action,flags,reasons
3182,شركة تسليك مجاري في الدوحة,sewerage-company-in-doha,https://www.rukn-eltatawer.com/qa/sewerage-company-in-doha/,2026-03-14,2026-03-16,2270,5,1,لا,حرجة,إعادة كتابة أو دمج مع صفحة قطر,typo,خطأ إملائي إنجليزي Exmaple، لا أزرار اتصال/واتساب، يكرر نية تسليك المجاري؛ تعارض كلمات مفتاحية مع المقال #10377: تسليك مجاري قطر مقابل الدوحة
10370,شراء أثاث مستعمل في قطر,shra-athath-mstaml-fy-qtr,https://www.rukn-eltatawer.com/qa/shra-athath-mstaml-fy-qtr/,2026-03-24,2026-08-14,476,7,0,نعم,حرجة,استبدال المحتوى أو حذف,قصير | بدون-صور,خدمة شراء مستعمل/سكراب/تخزين غير مذكورة في عرض الصفحة الرئيسية؛ محتوى قصير (~400 كلمة) وقالب بيع
10372,شراء أجهزة كهربائية مستعملة في قطر,shra-ajhzh-khrbayyh-mstamlh-fy-qtr,https://www.rukn-eltatawer.com/qa/shra-ajhzh-khrbayyh-mstamlh-fy-qtr/,2026-03-24,2026-08-14,429,7,0,نعم,حرجة,استبدال المحتوى أو حذف,قصير | بدون-صور,خدمة شراء مستعمل/سكراب/تخزين غير مذكورة في عرض الصفحة الرئيسية؛ محتوى قصير (~400 كلمة) وقالب بيع
10373,شراء سكراب في قطر,shra-skrab-fy-qtr,https://www.rukn-eltatawer.com/qa/shra-skrab-fy-qtr/,2026-03-24,2026-08-14,457,7,0,نعم,حرجة,استبدال المحتوى أو حذف,قصير | بدون-صور,خدمة شراء مستعمل/سكراب/تخزين غير مذكورة في عرض الصفحة الرئيسية؛ محتوى قصير (~400 كلمة) وقالب بيع
10374,شراء معدات مطاعم مستعملة في قطر,shra-madat-mtaam-mstamlh-fy-qtr,https://www.rukn-eltatawer.com/qa/shra-madat-mtaam-mstamlh-fy-qtr/,2026-03-24,2026-08-14,469,7,0,نعم,حرجة,استبدال المحتوى أو حذف,قصير | بدون-صور,خدمة شراء مستعمل/سكراب/تخزين غير مذكورة في عرض الصفحة الرئيسية؛ محتوى قصير (~400 كلمة) وقالب بيع
10371,شراء مكيفات مستعملة في قطر,shra-mkyfat-mstamlh-fy-qtr,https://www.rukn-eltatawer.com/qa/shra-mkyfat-mstamlh-fy-qtr/,2026-03-24,2026-08-14,466,7,0,نعم,حرجة,استبدال المحتوى أو حذف,قصير | بدون-صور,خدمة شراء مستعمل/سكراب/تخزين غير مذكورة في عرض الصفحة الرئيسية؛ محتوى قصير (~400 كلمة) وقالب بيع
10368,شركة تخزين أثاث في قطر,shrkh-tkhzyn-athath-fy-qtr,https://www.rukn-eltatawer.com/qa/shrkh-tkhzyn-athath-fy-qtr/,2026-03-24,2026-08-14,433,6,0,نعم,حرجة,استبدال المحتوى أو حذف,قصير | بدون-صور | slug-رومنة,خدمة شراء مستعمل/سكراب/تخزين غير مذكورة في عرض الصفحة الرئيسية؛ محتوى قصير (~400 كلمة) وقالب بيع
10369,شركة تخزين بضائع في قطر,shrkh-tkhzyn-bdaya-fy-qtr,https://www.rukn-eltatawer.com/qa/shrkh-tkhzyn-bdaya-fy-qtr/,2026-03-24,2026-08-14,418,6,0,نعم,حرجة,استبدال المحتوى أو حذف,قصير | بدون-صور | slug-رومنة,خدمة شراء مستعمل/سكراب/تخزين غير مذكورة في عرض الصفحة الرئيسية؛ محتوى قصير (~400 كلمة) وقالب بيع
2973,شركة كشف تسربات المياه في قطر,water-leak-detection-company-in-qatar,https://www.rukn-eltatawer.com/qa/water-leak-detection-company-in-qatar/,2026-03-14,2026-04-19,4127,15,2,نعم,حرجة,تحديث جوهري (لا تستبدله بقالب),,مقال العلم/الخدمة الأهم في الموقع — محتوى أفضل من القوالب لكن حشو كلمات وادعاءات مبالغ فيها وشهادات غير موثّقة؛ حشو عبارة العنوان، H1 مكرر، نفس صورة الصرف الصحي مكررة، نبرة «الأفضل/الوحيد»
7391,مكتب استقدام في قطر,recruitment-in-qatar,https://www.rukn-eltatawer.com/qa/recruitment-in-qatar/,2026-03-14,2026-04-27,2124,8,0,لا,حرجة,حذف أو noindex ثم استبدال,بدون-صور,مكتب استقدام — خارج نشاط الشركة تماماً ويضر بالثقة والسيو
10377,شركة تسليك مجاري في قطر,shrkh-tslyk-mjary-fy-qtr,https://www.rukn-eltatawer.com/qa/shrkh-tslyk-mjary-fy-qtr/,2026-03-24,2026-05-09,2597,8,2,لا,حرجة,دمج ثم إعادة كتابة,قالب-إيموجي | slug-رومنة,قالب موحّد (8 عناوين H2 متطابقة + إيموجي كثيف + ~2600 كلمة). التشابه مع مقالات أخرى يتجاوز 90%؛ صور نسبية مكسورة (مثل roof-insulation-qatar.webp) لا تُرفع من مكتبة الوسائط؛ رابط slug رومنة سيئة (shrkh-...) وعنوان SEO فيه رقم هاتف وإيموجي؛ تاريخ ظاهر «مارس 2026» رغم أن اليوم سبتمبر 2026؛ وعد «معاينة مجانية» يتعارض مع رسالة الصفحة الرئيسية (عرض سعر مكتوب بعد المعاينة)؛ تعارض كلمات مفتاحية مع المقال #3182: تسليك مجاري قطر مقابل الدوحة
10334,شركة تنظيف منازل في قطر,shrkh-tnzyf-mnazl-fy-qtr-2,https://www.rukn-eltatawer.com/qa/shrkh-tnzyf-mnazl-fy-qtr-2/,2026-03-24,2026-06-22,2597,8,2,لا,حرجة,دمج ثم إعادة كتابة,قالب-إيموجي | slug-رومنة,قالب موحّد (8 عناوين H2 متطابقة + إيموجي كثيف + ~2600 كلمة). التشابه مع مقالات أخرى يتجاوز 90%؛ صور نسبية مكسورة (مثل roof-insulation-qatar.webp) لا تُرفع من مكتبة الوسائط؛ رابط slug رومنة سيئة (shrkh-...) وعنوان SEO فيه رقم هاتف وإيموجي؛ تاريخ ظاهر «مارس 2026» رغم أن اليوم سبتمبر 2026؛ وعد «معاينة مجانية» يتعارض مع رسالة الصفحة الرئيسية (عرض سعر مكتوب بعد المعاينة)؛ تعارض كلمات مفتاحية مع المقال #10258: تنظيف منازل — عنوان مكرر حرفياً
10357,شركة مكافحة صراصير في قطر,shrkh-mkafhh-srasyr-fy-qtr,https://www.rukn-eltatawer.com/qa/shrkh-mkafhh-srasyr-fy-qtr/,2026-03-24,2026-03-24,2600,8,2,لا,حرجة,دمج ثم إعادة كتابة,قالب-إيموجي | slug-رومنة,قالب موحّد (8 عناوين H2 متطابقة + إيموجي كثيف + ~2600 كلمة). التشابه مع مقالات أخرى يتجاوز 90%؛ صور نسبية مكسورة (مثل roof-insulation-qatar.webp) لا تُرفع من مكتبة الوسائط؛ رابط slug رومنة سيئة (shrkh-...) وعنوان SEO فيه رقم هاتف وإيموجي؛ تاريخ ظاهر «مارس 2026» رغم أن اليوم سبتمبر 2026؛ وعد «معاينة مجانية» يتعارض مع رسالة الصفحة الرئيسية (عرض سعر مكتوب بعد المعاينة)؛ تعارض كلمات مفتاحية مع المقال #10272: مكافحة صراصير / الصراصير
10293,سباك منازل في قطر,home-plumber-in-qatar,https://www.rukn-eltatawer.com/qa/home-plumber-in-qatar/,2026-03-18,2026-03-18,1417,7,0,نعم,عالية,إعادة كتابة,بدون-صور,محتوى أقدم من موجة القوالب لكنه حشو كلمات مفتاحية (تكرار العنوان عشرات المرات) ويفتقر لصور وأسئلة شائعة حقيقية؛ بدون صور داخل المقال
10304,شركة تنظيف خزانات مياه في قطر,water-tank-cleaning-in-qatar,https://www.rukn-eltatawer.com/qa/water-tank-cleaning-in-qatar/,2026-03-18,2026-03-18,1702,7,0,نعم,عالية,إعادة كتابة,بدون-صور,محتوى أقدم من موجة القوالب لكنه حشو كلمات مفتاحية (تكرار العنوان عشرات المرات) ويفتقر لصور وأسئلة شائعة حقيقية؛ بدون صور داخل المقال
10267,شركة تنظيف شقق في قطر,apartment-cleaning-in-qatar,https://www.rukn-eltatawer.com/qa/apartment-cleaning-in-qatar/,2026-03-18,2026-03-18,1667,6,0,لا,عالية,إعادة كتابة,بدون-صور,محتوى أقدم من موجة القوالب لكنه حشو كلمات مفتاحية (تكرار العنوان عشرات المرات) ويفتقر لصور وأسئلة شائعة حقيقية؛ تكرار العنوان حرفياً داخل النص ≈ 63 مرة؛ بدون صور داخل المقال؛ بدون قسم أسئلة شائعة واضح
10264,شركة تنظيف فلل في قطر,villa-cleaning-in-qatar,https://www.rukn-eltatawer.com/qa/villa-cleaning-in-qatar/,2026-03-18,2026-03-18,1721,6,0,لا,عالية,إعادة كتابة,بدون-صور,محتوى أقدم من موجة القوالب لكنه حشو كلمات مفتاحية (تكرار العنوان عشرات المرات) ويفتقر لصور وأسئلة شائعة حقيقية؛ تكرار العنوان حرفياً داخل النص ≈ 63 مرة؛ بدون صور داخل المقال؛ بدون قسم أسئلة شائعة واضح
10258,شركة تنظيف منازل في قطر,house-cleaning-in-qatar,https://www.rukn-eltatawer.com/qa/house-cleaning-in-qatar/,2026-03-17,2026-04-27,1433,7,0,لا,عالية,إعادة كتابة,بدون-صور,محتوى أقدم من موجة القوالب لكنه حشو كلمات مفتاحية (تكرار العنوان عشرات المرات) ويفتقر لصور وأسئلة شائعة حقيقية؛ تكرار العنوان حرفياً داخل النص ≈ 43 مرة؛ بدون صور داخل المقال؛ بدون قسم أسئلة شائعة واضح؛ تعارض كلمات مفتاحية مع المقال #10334: تنظيف منازل — عنوان مكرر حرفياً
10285,شركة تنظيف وصيانة دكتات المكيفات في قطر,ac-duct-cleaning-and-maintenance-in-qatar,https://www.rukn-eltatawer.com/qa/ac-duct-cleaning-and-maintenance-in-qatar/,2026-03-18,2026-03-18,1921,6,0,لا,عالية,إعادة كتابة,بدون-صور,محتوى أقدم من موجة القوالب لكنه حشو كلمات مفتاحية (تكرار العنوان عشرات المرات) ويفتقر لصور وأسئلة شائعة حقيقية؛ تكرار العنوان حرفياً داخل النص ≈ 62 مرة؛ بدون صور داخل المقال؛ بدون قسم أسئلة شائعة واضح
10269,شركة صيانة تكييف مركزي في قطر,central-air-conditioning-maintenance-in-qatar,https://www.rukn-eltatawer.com/qa/central-air-conditioning-maintenance-in-qatar/,2026-03-18,2026-03-18,1906,6,0,لا,عالية,إعادة كتابة,بدون-صور,محتوى أقدم من موجة القوالب لكنه حشو كلمات مفتاحية (تكرار العنوان عشرات المرات) ويفتقر لصور وأسئلة شائعة حقيقية؛ تكرار العنوان حرفياً داخل النص ≈ 60 مرة؛ بدون صور داخل المقال؛ بدون قسم أسئلة شائعة واضح
10290,شركة صيانة سباكة في قطر,plumbing-maintenance-in-qatar,https://www.rukn-eltatawer.com/qa/plumbing-maintenance-in-qatar/,2026-03-18,2026-03-18,1512,8,0,نعم,عالية,إعادة كتابة,بدون-صور,محتوى أقدم من موجة القوالب لكنه حشو كلمات مفتاحية (تكرار العنوان عشرات المرات) ويفتقر لصور وأسئلة شائعة حقيقية؛ بدون صور داخل المقال
10254,شركة صيانة مكيفات سبليت في قطر,split-ac-maintenance-in-qatar,https://www.rukn-eltatawer.com/qa/split-ac-maintenance-in-qatar/,2026-03-17,2026-03-18,1887,6,0,لا,عالية,إعادة كتابة,بدون-صور,محتوى أقدم من موجة القوالب لكنه حشو كلمات مفتاحية (تكرار العنوان عشرات المرات) ويفتقر لصور وأسئلة شائعة حقيقية؛ تكرار العنوان حرفياً داخل النص ≈ 61 مرة؛ بدون صور داخل المقال؛ بدون قسم أسئلة شائعة واضح
10272,شركة مكافحة الصراصير في قطر,cockroach-control-in-qatar,https://www.rukn-eltatawer.com/qa/cockroach-control-in-qatar/,2026-03-18,2026-03-18,1721,6,0,لا,عالية,إعادة كتابة,بدون-صور,محتوى أقدم من موجة القوالب لكنه حشو كلمات مفتاحية (تكرار العنوان عشرات المرات) ويفتقر لصور وأسئلة شائعة حقيقية؛ تكرار العنوان حرفياً داخل النص ≈ 62 مرة؛ بدون صور داخل المقال؛ بدون قسم أسئلة شائعة واضح؛ تعارض كلمات مفتاحية مع المقال #10357: مكافحة صراصير / الصراصير
10277,شركة مكافحة النمل الأبيض في قطر,termite-control-in-qatar,https://www.rukn-eltatawer.com/qa/termite-control-in-qatar/,2026-03-18,2026-03-18,1867,6,0,لا,عالية,إعادة كتابة,بدون-صور,محتوى أقدم من موجة القوالب لكنه حشو كلمات مفتاحية (تكرار العنوان عشرات المرات) ويفتقر لصور وأسئلة شائعة حقيقية؛ تكرار العنوان حرفياً داخل النص ≈ 61 مرة؛ بدون صور داخل المقال؛ بدون قسم أسئلة شائعة واضح
10274,شركة مكافحة بق الفراش في قطر,bed-bug-control-in-qatar,https://www.rukn-eltatawer.com/qa/bed-bug-control-in-qatar/,2026-03-18,2026-03-18,1802,6,0,لا,عالية,إعادة كتابة,بدون-صور,محتوى أقدم من موجة القوالب لكنه حشو كلمات مفتاحية (تكرار العنوان عشرات المرات) ويفتقر لصور وأسئلة شائعة حقيقية؛ تكرار العنوان حرفياً داخل النص ≈ 62 مرة؛ بدون صور داخل المقال؛ بدون قسم أسئلة شائعة واضح
10261,شركة مكافحة حشرات في قطر,pest-control-in-qatar,https://www.rukn-eltatawer.com/qa/pest-control-in-qatar/,2026-03-17,2026-03-18,1749,6,0,لا,عالية,إعادة كتابة,بدون-صور,محتوى أقدم من موجة القوالب لكنه حشو كلمات مفتاحية (تكرار العنوان عشرات المرات) ويفتقر لصور وأسئلة شائعة حقيقية؛ تكرار العنوان حرفياً داخل النص ≈ 62 مرة؛ بدون صور داخل المقال؛ بدون قسم أسئلة شائعة واضح
10280,فني تركيب وصيانة تكييف في قطر,ac-installation-and-maintenance-technician-in-qatar,https://www.rukn-eltatawer.com/qa/ac-installation-and-maintenance-technician-in-qatar/,2026-03-18,2026-03-18,1804,6,0,لا,عالية,إعادة كتابة,بدون-صور,محتوى أقدم من موجة القوالب لكنه حشو كلمات مفتاحية (تكرار العنوان عشرات المرات) ويفتقر لصور وأسئلة شائعة حقيقية؛ تكرار العنوان حرفياً داخل النص ≈ 60 مرة؛ بدون صور داخل المقال؛ بدون قسم أسئلة شائعة واضح
10439,حدادة أبواب ونوافذ في قطر,hdadh-abwab-wnwafdh-fy-qtr,https://www.rukn-eltatawer.com/qa/hdadh-abwab-wnwafdh-fy-qtr/,2026-03-24,2026-03-24,2654,8,2,لا,عالية,إعادة كتابة كاملة,قالب-إيموجي,قالب موحّد (8 عناوين H2 متطابقة + إيموجي كثيف + ~2600 كلمة). التشابه مع مقالات أخرى يتجاوز 90%؛ صور نسبية مكسورة (مثل roof-insulation-qatar.webp) لا تُرفع من مكتبة الوسائط؛ رابط slug رومنة سيئة (shrkh-...) وعنوان SEO فيه رقم هاتف وإيموجي؛ تاريخ ظاهر «مارس 2026» رغم أن اليوم سبتمبر 2026؛ وعد «معاينة مجانية» يتعارض مع رسالة الصفحة الرئيسية (عرض سعر مكتوب بعد المعاينة)
10451,شركة إنشاء مسابح في قطر,shrkh-ansha-msabh-fy-qtr,https://www.rukn-eltatawer.com/qa/shrkh-ansha-msabh-fy-qtr/,2026-03-24,2026-03-24,2600,8,2,لا,عالية,إعادة كتابة كاملة,قالب-إيموجي | slug-رومنة,قالب موحّد (8 عناوين H2 متطابقة + إيموجي كثيف + ~2600 كلمة). التشابه مع مقالات أخرى يتجاوز 90%؛ صور نسبية مكسورة (مثل roof-insulation-qatar.webp) لا تُرفع من مكتبة الوسائط؛ رابط slug رومنة سيئة (shrkh-...) وعنوان SEO فيه رقم هاتف وإيموجي؛ تاريخ ظاهر «مارس 2026» رغم أن اليوم سبتمبر 2026؛ وعد «معاينة مجانية» يتعارض مع رسالة الصفحة الرئيسية (عرض سعر مكتوب بعد المعاينة)
10412,شركة بناء استراحات في قطر,shrkh-bna-astrahat-fy-qtr,https://www.rukn-eltatawer.com/qa/shrkh-bna-astrahat-fy-qtr/,2026-03-24,2026-03-24,2598,8,2,لا,عالية,إعادة كتابة كاملة,قالب-إيموجي | slug-رومنة,قالب موحّد (8 عناوين H2 متطابقة + إيموجي كثيف + ~2600 كلمة). التشابه مع مقالات أخرى يتجاوز 90%؛ صور نسبية مكسورة (مثل roof-insulation-qatar.webp) لا تُرفع من مكتبة الوسائط؛ رابط slug رومنة سيئة (shrkh-...) وعنوان SEO فيه رقم هاتف وإيموجي؛ تاريخ ظاهر «مارس 2026» رغم أن اليوم سبتمبر 2026؛ وعد «معاينة مجانية» يتعارض مع رسالة الصفحة الرئيسية (عرض سعر مكتوب بعد المعاينة)
10411,شركة بناء مجالس في قطر,shrkh-bna-mjals-fy-qtr,https://www.rukn-eltatawer.com/qa/shrkh-bna-mjals-fy-qtr/,2026-03-24,2026-03-24,2597,8,2,لا,عالية,إعادة كتابة كاملة,قالب-إيموجي | slug-رومنة,قالب موحّد (8 عناوين H2 متطابقة + إيموجي كثيف + ~2600 كلمة). التشابه مع مقالات أخرى يتجاوز 90%؛ صور نسبية مكسورة (مثل roof-insulation-qatar.webp) لا تُرفع من مكتبة الوسائط؛ رابط slug رومنة سيئة (shrkh-...) وعنوان SEO فيه رقم هاتف وإيموجي؛ تاريخ ظاهر «مارس 2026» رغم أن اليوم سبتمبر 2026؛ وعد «معاينة مجانية» يتعارض مع رسالة الصفحة الرئيسية (عرض سعر مكتوب بعد المعاينة)
10410,شركة بناء ملاحق في قطر,shrkh-bna-mlahq-fy-qtr,https://www.rukn-eltatawer.com/qa/shrkh-bna-mlahq-fy-qtr/,2026-03-24,2026-03-24,2600,8,2,لا,عالية,إعادة كتابة كاملة,قالب-إيموجي | slug-رومنة,قالب موحّد (8 عناوين H2 متطابقة + إيموجي كثيف + ~2600 كلمة). التشابه مع مقالات أخرى يتجاوز 90%؛ صور نسبية مكسورة (مثل roof-insulation-qatar.webp) لا تُرفع من مكتبة الوسائط؛ رابط slug رومنة سيئة (shrkh-...) وعنوان SEO فيه رقم هاتف وإيموجي؛ تاريخ ظاهر «مارس 2026» رغم أن اليوم سبتمبر 2026؛ وعد «معاينة مجانية» يتعارض مع رسالة الصفحة الرئيسية (عرض سعر مكتوب بعد المعاينة)
10376,شركة تأسيس سباكة في قطر,shrkh-tasys-sbakh-fy-qtr,https://www.rukn-eltatawer.com/qa/shrkh-tasys-sbakh-fy-qtr/,2026-03-24,2026-03-24,2598,8,2,لا,عالية,إعادة كتابة كاملة,قالب-إيموجي | slug-رومنة,قالب موحّد (8 عناوين H2 متطابقة + إيموجي كثيف + ~2600 كلمة). التشابه مع مقالات أخرى يتجاوز 90%؛ صور نسبية مكسورة (مثل roof-insulation-qatar.webp) لا تُرفع من مكتبة الوسائط؛ رابط slug رومنة سيئة (shrkh-...) وعنوان SEO فيه رقم هاتف وإيموجي؛ تاريخ ظاهر «مارس 2026» رغم أن اليوم سبتمبر 2026؛ وعد «معاينة مجانية» يتعارض مع رسالة الصفحة الرئيسية (عرض سعر مكتوب بعد المعاينة)
10399,شركة تأسيس كهرباء في قطر,shrkh-tasys-khrba-fy-qtr,https://www.rukn-eltatawer.com/qa/shrkh-tasys-khrba-fy-qtr/,2026-03-24,2026-03-24,2597,8,2,لا,عالية,إعادة كتابة كاملة,قالب-إيموجي | slug-رومنة,قالب موحّد (8 عناوين H2 متطابقة + إيموجي كثيف + ~2600 كلمة). التشابه مع مقالات أخرى يتجاوز 90%؛ صور نسبية مكسورة (مثل roof-insulation-qatar.webp) لا تُرفع من مكتبة الوسائط؛ رابط slug رومنة سيئة (shrkh-...) وعنوان SEO فيه رقم هاتف وإيموجي؛ تاريخ ظاهر «مارس 2026» رغم أن اليوم سبتمبر 2026؛ وعد «معاينة مجانية» يتعارض مع رسالة الصفحة الرئيسية (عرض سعر مكتوب بعد المعاينة)
10404,شركة تركيب أجهزة إنذار حريق في قطر,shrkh-trkyb-ajhzh-andhar-hryq-fy-qtr,https://www.rukn-eltatawer.com/qa/shrkh-trkyb-ajhzh-andhar-hryq-fy-qtr/,2026-03-24,2026-03-24,2733,8,2,لا,عالية,إعادة كتابة كاملة,قالب-إيموجي | slug-رومنة,قالب موحّد (8 عناوين H2 متطابقة + إيموجي كثيف + ~2600 كلمة). التشابه مع مقالات أخرى يتجاوز 90%؛ صور نسبية مكسورة (مثل roof-insulation-qatar.webp) لا تُرفع من مكتبة الوسائط؛ رابط slug رومنة سيئة (shrkh-...) وعنوان SEO فيه رقم هاتف وإيموجي؛ تاريخ ظاهر «مارس 2026» رغم أن اليوم سبتمبر 2026؛ وعد «معاينة مجانية» يتعارض مع رسالة الصفحة الرئيسية (عرض سعر مكتوب بعد المعاينة)
10429,شركة تركيب أرضيات إيبوكسي في قطر,shrkh-trkyb-ardyat-aybwksy-fy-qtr,https://www.rukn-eltatawer.com/qa/shrkh-trkyb-ardyat-aybwksy-fy-qtr/,2026-03-24,2026-03-24,2665,8,2,لا,عالية,إعادة كتابة كاملة,قالب-إيموجي | slug-رومنة,قالب موحّد (8 عناوين H2 متطابقة + إيموجي كثيف + ~2600 كلمة). التشابه مع مقالات أخرى يتجاوز 90%؛ صور نسبية مكسورة (مثل roof-insulation-qatar.webp) لا تُرفع من مكتبة الوسائط؛ رابط slug رومنة سيئة (shrkh-...) وعنوان SEO فيه رقم هاتف وإيموجي؛ تاريخ ظاهر «مارس 2026» رغم أن اليوم سبتمبر 2026؛ وعد «معاينة مجانية» يتعارض مع رسالة الصفحة الرئيسية (عرض سعر مكتوب بعد المعاينة)
10424,شركة تركيب أسقف مستعارة في قطر,shrkh-trkyb-asqf-mstaarh-fy-qtr,https://www.rukn-eltatawer.com/qa/shrkh-trkyb-asqf-mstaarh-fy-qtr/,2026-03-24,2026-03-24,2665,8,2,لا,عالية,إعادة كتابة كاملة,قالب-إيموجي | slug-رومنة,قالب موحّد (8 عناوين H2 متطابقة + إيموجي كثيف + ~2600 كلمة). التشابه مع مقالات أخرى يتجاوز 90%؛ صور نسبية مكسورة (مثل roof-insulation-qatar.webp) لا تُرفع من مكتبة الوسائط؛ رابط slug رومنة سيئة (shrkh-...) وعنوان SEO فيه رقم هاتف وإيموجي؛ تاريخ ظاهر «مارس 2026» رغم أن اليوم سبتمبر 2026؛ وعد «معاينة مجانية» يتعارض مع رسالة الصفحة الرئيسية (عرض سعر مكتوب بعد المعاينة)
10435,شركة تركيب ألومنيوم في قطر,shrkh-trkyb-alwmnywm-fy-qtr,https://www.rukn-eltatawer.com/qa/shrkh-trkyb-alwmnywm-fy-qtr/,2026-03-24,2026-03-24,2601,8,2,لا,عالية,إعادة كتابة كاملة,قالب-إيموجي | slug-رومنة,قالب موحّد (8 عناوين H2 متطابقة + إيموجي كثيف + ~2600 كلمة). التشابه مع مقالات أخرى يتجاوز 90%؛ صور نسبية مكسورة (مثل roof-insulation-qatar.webp) لا تُرفع من مكتبة الوسائط؛ رابط slug رومنة سيئة (shrkh-...) وعنوان SEO فيه رقم هاتف وإيموجي؛ تاريخ ظاهر «مارس 2026» رغم أن اليوم سبتمبر 2026؛ وعد «معاينة مجانية» يتعارض مع رسالة الصفحة الرئيسية (عرض سعر مكتوب بعد المعاينة)
10400,شركة تركيب أنظمة ذكية في قطر,shrkh-trkyb-anzmh-dhkyh-fy-qtr,https://www.rukn-eltatawer.com/qa/shrkh-trkyb-anzmh-dhkyh-fy-qtr/,2026-03-24,2026-03-24,2668,8,2,لا,عالية,إعادة كتابة كاملة,قالب-إيموجي | slug-رومنة,قالب موحّد (8 عناوين H2 متطابقة + إيموجي كثيف + ~2600 كلمة). التشابه مع مقالات أخرى يتجاوز 90%؛ صور نسبية مكسورة (مثل roof-insulation-qatar.webp) لا تُرفع من مكتبة الوسائط؛ رابط slug رومنة سيئة (shrkh-...) وعنوان SEO فيه رقم هاتف وإيموجي؛ تاريخ ظاهر «مارس 2026» رغم أن اليوم سبتمبر 2026؛ وعد «معاينة مجانية» يتعارض مع رسالة الصفحة الرئيسية (عرض سعر مكتوب بعد المعاينة)
10403,شركة تركيب انتركم في قطر,shrkh-trkyb-antrkm-fy-qtr,https://www.rukn-eltatawer.com/qa/shrkh-trkyb-antrkm-fy-qtr/,2026-03-24,2026-03-24,2600,8,2,لا,عالية,إعادة كتابة كاملة,قالب-إيموجي | slug-رومنة,قالب موحّد (8 عناوين H2 متطابقة + إيموجي كثيف + ~2600 كلمة). التشابه مع مقالات أخرى يتجاوز 90%؛ صور نسبية مكسورة (مثل roof-insulation-qatar.webp) لا تُرفع من مكتبة الوسائط؛ رابط slug رومنة سيئة (shrkh-...) وعنوان SEO فيه رقم هاتف وإيموجي؛ تاريخ ظاهر «مارس 2026» رغم أن اليوم سبتمبر 2026؛ وعد «معاينة مجانية» يتعارض مع رسالة الصفحة الرئيسية (عرض سعر مكتوب بعد المعاينة)
10427,شركة تركيب انترلوك في قطر,shrkh-trkyb-antrlwk-fy-qtr,https://www.rukn-eltatawer.com/qa/shrkh-trkyb-antrlwk-fy-qtr/,2026-03-24,2026-03-24,2598,8,2,لا,عالية,إعادة كتابة كاملة,قالب-إيموجي | slug-رومنة,قالب موحّد (8 عناوين H2 متطابقة + إيموجي كثيف + ~2600 كلمة). التشابه مع مقالات أخرى يتجاوز 90%؛ صور نسبية مكسورة (مثل roof-insulation-qatar.webp) لا تُرفع من مكتبة الوسائط؛ رابط slug رومنة سيئة (shrkh-...) وعنوان SEO فيه رقم هاتف وإيموجي؛ تاريخ ظاهر «مارس 2026» رغم أن اليوم سبتمبر 2026؛ وعد «معاينة مجانية» يتعارض مع رسالة الصفحة الرئيسية (عرض سعر مكتوب بعد المعاينة)
10430,شركة تركيب باركيه في قطر,shrkh-trkyb-barkyh-fy-qtr,https://www.rukn-eltatawer.com/qa/shrkh-trkyb-barkyh-fy-qtr/,2026-03-24,2026-03-24,2601,8,2,لا,عالية,إعادة كتابة كاملة,قالب-إيموجي | slug-رومنة,قالب موحّد (8 عناوين H2 متطابقة + إيموجي كثيف + ~2600 كلمة). التشابه مع مقالات أخرى يتجاوز 90%؛ صور نسبية مكسورة (مثل roof-insulation-qatar.webp) لا تُرفع من مكتبة الوسائط؛ رابط slug رومنة سيئة (shrkh-...) وعنوان SEO فيه رقم هاتف وإيموجي؛ تاريخ ظاهر «مارس 2026» رغم أن اليوم سبتمبر 2026؛ وعد «معاينة مجانية» يتعارض مع رسالة الصفحة الرئيسية (عرض سعر مكتوب بعد المعاينة)
10431,شركة تركيب بديل خشب في قطر,shrkh-trkyb-bdyl-khshb-fy-qtr,https://www.rukn-eltatawer.com/qa/shrkh-trkyb-bdyl-khshb-fy-qtr/,2026-03-24,2026-03-24,2666,8,2,لا,عالية,إعادة كتابة كاملة,قالب-إيموجي | slug-رومنة,قالب موحّد (8 عناوين H2 متطابقة + إيموجي كثيف + ~2600 كلمة). التشابه مع مقالات أخرى يتجاوز 90%؛ صور نسبية مكسورة (مثل roof-insulation-qatar.webp) لا تُرفع من مكتبة الوسائط؛ رابط slug رومنة سيئة (shrkh-...) وعنوان SEO فيه رقم هاتف وإيموجي؛ تاريخ ظاهر «مارس 2026» رغم أن اليوم سبتمبر 2026؛ وعد «معاينة مجانية» يتعارض مع رسالة الصفحة الرئيسية (عرض سعر مكتوب بعد المعاينة)
10432,شركة تركيب بديل رخام في قطر,shrkh-trkyb-bdyl-rkham-fy-qtr,https://www.rukn-eltatawer.com/qa/shrkh-trkyb-bdyl-rkham-fy-qtr/,2026-03-24,2026-03-24,2668,8,2,لا,عالية,إعادة كتابة كاملة,قالب-إيموجي | slug-رومنة,قالب موحّد (8 عناوين H2 متطابقة + إيموجي كثيف + ~2600 كلمة). التشابه مع مقالات أخرى يتجاوز 90%؛ صور نسبية مكسورة (مثل roof-insulation-qatar.webp) لا تُرفع من مكتبة الوسائط؛ رابط slug رومنة سيئة (shrkh-...) وعنوان SEO فيه رقم هاتف وإيموجي؛ تاريخ ظاهر «مارس 2026» رغم أن اليوم سبتمبر 2026؛ وعد «معاينة مجانية» يتعارض مع رسالة الصفحة الرئيسية (عرض سعر مكتوب بعد المعاينة)
10455,شركة تركيب برجولات خشبية في قطر,shrkh-trkyb-brjwlat-khshbyh-fy-qtr,https://www.rukn-eltatawer.com/qa/shrkh-trkyb-brjwlat-khshbyh-fy-qtr/,2026-03-24,2026-03-24,2669,8,2,لا,عالية,إعادة كتابة كاملة,قالب-إيموجي | slug-رومنة,قالب موحّد (8 عناوين H2 متطابقة + إيموجي كثيف + ~2600 كلمة). التشابه مع مقالات أخرى يتجاوز 90%؛ صور نسبية مكسورة (مثل roof-insulation-qatar.webp) لا تُرفع من مكتبة الوسائط؛ رابط slug رومنة سيئة (shrkh-...) وعنوان SEO فيه رقم هاتف وإيموجي؛ تاريخ ظاهر «مارس 2026» رغم أن اليوم سبتمبر 2026؛ وعد «معاينة مجانية» يتعارض مع رسالة الصفحة الرئيسية (عرض سعر مكتوب بعد المعاينة)
10423,شركة تركيب جبس بورد في قطر,shrkh-trkyb-jbs-bwrd-fy-qtr,https://www.rukn-eltatawer.com/qa/shrkh-trkyb-jbs-bwrd-fy-qtr/,2026-03-24,2026-03-24,2668,8,2,لا,عالية,إعادة كتابة كاملة,قالب-إيموجي | slug-رومنة,قالب موحّد (8 عناوين H2 متطابقة + إيموجي كثيف + ~2600 كلمة). التشابه مع مقالات أخرى يتجاوز 90%؛ صور نسبية مكسورة (مثل roof-insulation-qatar.webp) لا تُرفع من مكتبة الوسائط؛ رابط slug رومنة سيئة (shrkh-...) وعنوان SEO فيه رقم هاتف وإيموجي؛ تاريخ ظاهر «مارس 2026» رغم أن اليوم سبتمبر 2026؛ وعد «معاينة مجانية» يتعارض مع رسالة الصفحة الرئيسية (عرض سعر مكتوب بعد المعاينة)
10456,شركة تركيب جلسات خارجية في قطر,shrkh-trkyb-jlsat-kharjyh-fy-qtr,https://www.rukn-eltatawer.com/qa/shrkh-trkyb-jlsat-kharjyh-fy-qtr/,2026-03-24,2026-03-24,2665,8,2,لا,عالية,إعادة كتابة كاملة,قالب-إيموجي | slug-رومنة,قالب موحّد (8 عناوين H2 متطابقة + إيموجي كثيف + ~2600 كلمة). التشابه مع مقالات أخرى يتجاوز 90%؛ صور نسبية مكسورة (مثل roof-insulation-qatar.webp) لا تُرفع من مكتبة الوسائط؛ رابط slug رومنة سيئة (shrkh-...) وعنوان SEO فيه رقم هاتف وإيموجي؛ تاريخ ظاهر «مارس 2026» رغم أن اليوم سبتمبر 2026؛ وعد «معاينة مجانية» يتعارض مع رسالة الصفحة الرئيسية (عرض سعر مكتوب بعد المعاينة)
10426,شركة تركيب رخام وجرانيت في قطر,shrkh-trkyb-rkham-wjranyt-fy-qtr,https://www.rukn-eltatawer.com/qa/shrkh-trkyb-rkham-wjranyt-fy-qtr/,2026-03-24,2026-03-24,2665,8,2,لا,عالية,إعادة كتابة كاملة,قالب-إيموجي | slug-رومنة,قالب موحّد (8 عناوين H2 متطابقة + إيموجي كثيف + ~2600 كلمة). التشابه مع مقالات أخرى يتجاوز 90%؛ صور نسبية مكسورة (مثل roof-insulation-qatar.webp) لا تُرفع من مكتبة الوسائط؛ رابط slug رومنة سيئة (shrkh-...) وعنوان SEO فيه رقم هاتف وإيموجي؛ تاريخ ظاهر «مارس 2026» رغم أن اليوم سبتمبر 2026؛ وعد «معاينة مجانية» يتعارض مع رسالة الصفحة الرئيسية (عرض سعر مكتوب بعد المعاينة)
10434,شركة تركيب زجاج سيكوريت في قطر,shrkh-trkyb-zjaj-sykwryt-fy-qtr,https://www.rukn-eltatawer.com/qa/shrkh-trkyb-zjaj-sykwryt-fy-qtr/,2026-03-24,2026-03-24,2665,8,2,لا,عالية,إعادة كتابة كاملة,قالب-إيموجي | slug-رومنة,قالب موحّد (8 عناوين H2 متطابقة + إيموجي كثيف + ~2600 كلمة). التشابه مع مقالات أخرى يتجاوز 90%؛ صور نسبية مكسورة (مثل roof-insulation-qatar.webp) لا تُرفع من مكتبة الوسائط؛ رابط slug رومنة سيئة (shrkh-...) وعنوان SEO فيه رقم هاتف وإيموجي؛ تاريخ ظاهر «مارس 2026» رغم أن اليوم سبتمبر 2026؛ وعد «معاينة مجانية» يتعارض مع رسالة الصفحة الرئيسية (عرض سعر مكتوب بعد المعاينة)
10405,شركة تركيب ستالايت في قطر,shrkh-trkyb-stalayt-fy-qtr,https://www.rukn-eltatawer.com/qa/shrkh-trkyb-stalayt-fy-qtr/,2026-03-24,2026-03-24,2600,8,2,لا,عالية,إعادة كتابة كاملة,قالب-إيموجي | slug-رومنة,قالب موحّد (8 عناوين H2 متطابقة + إيموجي كثيف + ~2600 كلمة). التشابه مع مقالات أخرى يتجاوز 90%؛ صور نسبية مكسورة (مثل roof-insulation-qatar.webp) لا تُرفع من مكتبة الوسائط؛ رابط slug رومنة سيئة (shrkh-...) وعنوان SEO فيه رقم هاتف وإيموجي؛ تاريخ ظاهر «مارس 2026» رغم أن اليوم سبتمبر 2026؛ وعد «معاينة مجانية» يتعارض مع رسالة الصفحة الرئيسية (عرض سعر مكتوب بعد المعاينة)
10454,شركة تركيب سواتر في قطر,shrkh-trkyb-swatr-fy-qtr,https://www.rukn-eltatawer.com/qa/shrkh-trkyb-swatr-fy-qtr/,2026-03-24,2026-03-24,2597,8,2,لا,عالية,إعادة كتابة كاملة,قالب-إيموجي | slug-رومنة,قالب موحّد (8 عناوين H2 متطابقة + إيموجي كثيف + ~2600 كلمة). التشابه مع مقالات أخرى يتجاوز 90%؛ صور نسبية مكسورة (مثل roof-insulation-qatar.webp) لا تُرفع من مكتبة الوسائط؛ رابط slug رومنة سيئة (shrkh-...) وعنوان SEO فيه رقم هاتف وإيموجي؛ تاريخ ظاهر «مارس 2026» رغم أن اليوم سبتمبر 2026؛ وعد «معاينة مجانية» يتعارض مع رسالة الصفحة الرئيسية (عرض سعر مكتوب بعد المعاينة)
10425,شركة تركيب سيراميك وبورسلين في قطر,shrkh-trkyb-syramyk-wbwrslyn-fy-qtr,https://www.rukn-eltatawer.com/qa/shrkh-trkyb-syramyk-wbwrslyn-fy-qtr/,2026-03-24,2026-03-24,2668,8,2,لا,عالية,إعادة كتابة كاملة,قالب-إيموجي | slug-رومنة,قالب موحّد (8 عناوين H2 متطابقة + إيموجي كثيف + ~2600 كلمة). التشابه مع مقالات أخرى يتجاوز 90%؛ صور نسبية مكسورة (مثل roof-insulation-qatar.webp) لا تُرفع من مكتبة الوسائط؛ رابط slug رومنة سيئة (shrkh-...) وعنوان SEO فيه رقم هاتف وإيموجي؛ تاريخ ظاهر «مارس 2026» رغم أن اليوم سبتمبر 2026؛ وعد «معاينة مجانية» يتعارض مع رسالة الصفحة الرئيسية (عرض سعر مكتوب بعد المعاينة)
10363,شركة تركيب شبك طيور في قطر,shrkh-trkyb-shbk-tywr-fy-qtr,https://www.rukn-eltatawer.com/qa/shrkh-trkyb-shbk-tywr-fy-qtr/,2026-03-24,2026-03-24,2665,8,2,لا,عالية,إعادة كتابة كاملة,قالب-إيموجي | slug-رومنة,قالب موحّد (8 عناوين H2 متطابقة + إيموجي كثيف + ~2600 كلمة). التشابه مع مقالات أخرى يتجاوز 90%؛ صور نسبية مكسورة (مثل roof-insulation-qatar.webp) لا تُرفع من مكتبة الوسائط؛ رابط slug رومنة سيئة (shrkh-...) وعنوان SEO فيه رقم هاتف وإيموجي؛ تاريخ ظاهر «مارس 2026» رغم أن اليوم سبتمبر 2026؛ وعد «معاينة مجانية» يتعارض مع رسالة الصفحة الرئيسية (عرض سعر مكتوب بعد المعاينة)
10448,شركة تركيب شبكات ري في قطر,shrkh-trkyb-shbkat-ry-fy-qtr,https://www.rukn-eltatawer.com/qa/shrkh-trkyb-shbkat-ry-fy-qtr/,2026-03-24,2026-03-24,2668,8,2,لا,عالية,إعادة كتابة كاملة,قالب-إيموجي | slug-رومنة,قالب موحّد (8 عناوين H2 متطابقة + إيموجي كثيف + ~2600 كلمة). التشابه مع مقالات أخرى يتجاوز 90%؛ صور نسبية مكسورة (مثل roof-insulation-qatar.webp) لا تُرفع من مكتبة الوسائط؛ رابط slug رومنة سيئة (shrkh-...) وعنوان SEO فيه رقم هاتف وإيموجي؛ تاريخ ظاهر «مارس 2026» رغم أن اليوم سبتمبر 2026؛ وعد «معاينة مجانية» يتعارض مع رسالة الصفحة الرئيسية (عرض سعر مكتوب بعد المعاينة)
10362,شركة تركيب طارد حمام في قطر,shrkh-trkyb-tard-hmam-fy-qtr,https://www.rukn-eltatawer.com/qa/shrkh-trkyb-tard-hmam-fy-qtr/,2026-03-24,2026-03-24,2666,8,2,لا,عالية,إعادة كتابة كاملة,قالب-إيموجي | slug-رومنة,قالب موحّد (8 عناوين H2 متطابقة + إيموجي كثيف + ~2600 كلمة). التشابه مع مقالات أخرى يتجاوز 90%؛ صور نسبية مكسورة (مثل roof-insulation-qatar.webp) لا تُرفع من مكتبة الوسائط؛ رابط slug رومنة سيئة (shrkh-...) وعنوان SEO فيه رقم هاتف وإيموجي؛ تاريخ ظاهر «مارس 2026» رغم أن اليوم سبتمبر 2026؛ وعد «معاينة مجانية» يتعارض مع رسالة الصفحة الرئيسية (عرض سعر مكتوب بعد المعاينة)
10406,شركة تركيب طاقة شمسية في قطر,shrkh-trkyb-taqh-shmsyh-fy-qtr,https://www.rukn-eltatawer.com/qa/shrkh-trkyb-taqh-shmsyh-fy-qtr/,2026-03-24,2026-03-24,2665,8,2,لا,عالية,إعادة كتابة كاملة,قالب-إيموجي | slug-رومنة,قالب موحّد (8 عناوين H2 متطابقة + إيموجي كثيف + ~2600 كلمة). التشابه مع مقالات أخرى يتجاوز 90%؛ صور نسبية مكسورة (مثل roof-insulation-qatar.webp) لا تُرفع من مكتبة الوسائط؛ رابط slug رومنة سيئة (shrkh-...) وعنوان SEO فيه رقم هاتف وإيموجي؛ تاريخ ظاهر «مارس 2026» رغم أن اليوم سبتمبر 2026؛ وعد «معاينة مجانية» يتعارض مع رسالة الصفحة الرئيسية (عرض سعر مكتوب بعد المعاينة)
10444,شركة تركيب عشب صناعي في قطر,shrkh-trkyb-ashb-snaay-fy-qtr,https://www.rukn-eltatawer.com/qa/shrkh-trkyb-ashb-snaay-fy-qtr/,2026-03-24,2026-03-24,2665,8,2,لا,عالية,إعادة كتابة كاملة,قالب-إيموجي | slug-رومنة,قالب موحّد (8 عناوين H2 متطابقة + إيموجي كثيف + ~2600 كلمة). التشابه مع مقالات أخرى يتجاوز 90%؛ صور نسبية مكسورة (مثل roof-insulation-qatar.webp) لا تُرفع من مكتبة الوسائط؛ رابط slug رومنة سيئة (shrkh-...) وعنوان SEO فيه رقم هاتف وإيموجي؛ تاريخ ظاهر «مارس 2026» رغم أن اليوم سبتمبر 2026؛ وعد «معاينة مجانية» يتعارض مع رسالة الصفحة الرئيسية (عرض سعر مكتوب بعد المعاينة)
10382,شركة تركيب فلاتر مياه في قطر,shrkh-trkyb-flatr-myah-fy-qtr,https://www.rukn-eltatawer.com/qa/shrkh-trkyb-flatr-myah-fy-qtr/,2026-03-24,2026-03-24,2666,8,2,لا,عالية,إعادة كتابة كاملة,قالب-إيموجي | slug-رومنة,قالب موحّد (8 عناوين H2 متطابقة + إيموجي كثيف + ~2600 كلمة). التشابه مع مقالات أخرى يتجاوز 90%؛ صور نسبية مكسورة (مثل roof-insulation-qatar.webp) لا تُرفع من مكتبة الوسائط؛ رابط slug رومنة سيئة (shrkh-...) وعنوان SEO فيه رقم هاتف وإيموجي؛ تاريخ ظاهر «مارس 2026» رغم أن اليوم سبتمبر 2026؛ وعد «معاينة مجانية» يتعارض مع رسالة الصفحة الرئيسية (عرض سعر مكتوب بعد المعاينة)
10433,شركة تركيب فوم جدران في قطر,shrkh-trkyb-fwm-jdran-fy-qtr,https://www.rukn-eltatawer.com/qa/shrkh-trkyb-fwm-jdran-fy-qtr/,2026-03-24,2026-03-24,2666,8,2,لا,عالية,إعادة كتابة كاملة,قالب-إيموجي | slug-رومنة,قالب موحّد (8 عناوين H2 متطابقة + إيموجي كثيف + ~2600 كلمة). التشابه مع مقالات أخرى يتجاوز 90%؛ صور نسبية مكسورة (مثل roof-insulation-qatar.webp) لا تُرفع من مكتبة الوسائط؛ رابط slug رومنة سيئة (shrkh-...) وعنوان SEO فيه رقم هاتف وإيموجي؛ تاريخ ظاهر «مارس 2026» رغم أن اليوم سبتمبر 2026؛ وعد «معاينة مجانية» يتعارض مع رسالة الصفحة الرئيسية (عرض سعر مكتوب بعد المعاينة)
10401,شركة تركيب كاميرات مراقبة في قطر,shrkh-trkyb-kamyrat-mraqbh-fy-qtr,https://www.rukn-eltatawer.com/qa/shrkh-trkyb-kamyrat-mraqbh-fy-qtr/,2026-03-24,2026-03-24,2665,8,2,لا,عالية,إعادة كتابة كاملة,قالب-إيموجي | slug-رومنة,قالب موحّد (8 عناوين H2 متطابقة + إيموجي كثيف + ~2600 كلمة). التشابه مع مقالات أخرى يتجاوز 90%؛ صور نسبية مكسورة (مثل roof-insulation-qatar.webp) لا تُرفع من مكتبة الوسائط؛ رابط slug رومنة سيئة (shrkh-...) وعنوان SEO فيه رقم هاتف وإيموجي؛ تاريخ ظاهر «مارس 2026» رغم أن اليوم سبتمبر 2026؛ وعد «معاينة مجانية» يتعارض مع رسالة الصفحة الرئيسية (عرض سعر مكتوب بعد المعاينة)
10428,شركة تركيب كربستون في قطر,shrkh-trkyb-krbstwn-fy-qtr,https://www.rukn-eltatawer.com/qa/shrkh-trkyb-krbstwn-fy-qtr/,2026-03-24,2026-03-24,2600,8,2,لا,عالية,إعادة كتابة كاملة,قالب-إيموجي | slug-رومنة,قالب موحّد (8 عناوين H2 متطابقة + إيموجي كثيف + ~2600 كلمة). التشابه مع مقالات أخرى يتجاوز 90%؛ صور نسبية مكسورة (مثل roof-insulation-qatar.webp) لا تُرفع من مكتبة الوسائط؛ رابط slug رومنة سيئة (shrkh-...) وعنوان SEO فيه رقم هاتف وإيموجي؛ تاريخ ظاهر «مارس 2026» رغم أن اليوم سبتمبر 2026؛ وعد «معاينة مجانية» يتعارض مع رسالة الصفحة الرئيسية (عرض سعر مكتوب بعد المعاينة)
10383,شركة تركيب محطات تحلية في قطر,shrkh-trkyb-mhtat-thlyh-fy-qtr,https://www.rukn-eltatawer.com/qa/shrkh-trkyb-mhtat-thlyh-fy-qtr/,2026-03-24,2026-03-24,2669,8,2,لا,عالية,إعادة كتابة كاملة,قالب-إيموجي | slug-رومنة,قالب موحّد (8 عناوين H2 متطابقة + إيموجي كثيف + ~2600 كلمة). التشابه مع مقالات أخرى يتجاوز 90%؛ صور نسبية مكسورة (مثل roof-insulation-qatar.webp) لا تُرفع من مكتبة الوسائط؛ رابط slug رومنة سيئة (shrkh-...) وعنوان SEO فيه رقم هاتف وإيموجي؛ تاريخ ظاهر «مارس 2026» رغم أن اليوم سبتمبر 2026؛ وعد «معاينة مجانية» يتعارض مع رسالة الصفحة الرئيسية (عرض سعر مكتوب بعد المعاينة)
10380,شركة تركيب مضخات مياه في قطر,shrkh-trkyb-mdkhat-myah-fy-qtr,https://www.rukn-eltatawer.com/qa/shrkh-trkyb-mdkhat-myah-fy-qtr/,2026-03-24,2026-03-24,2668,8,2,لا,عالية,إعادة كتابة كاملة,قالب-إيموجي | slug-رومنة,قالب موحّد (8 عناوين H2 متطابقة + إيموجي كثيف + ~2600 كلمة). التشابه مع مقالات أخرى يتجاوز 90%؛ صور نسبية مكسورة (مثل roof-insulation-qatar.webp) لا تُرفع من مكتبة الوسائط؛ رابط slug رومنة سيئة (shrkh-...) وعنوان SEO فيه رقم هاتف وإيموجي؛ تاريخ ظاهر «مارس 2026» رغم أن اليوم سبتمبر 2026؛ وعد «معاينة مجانية» يتعارض مع رسالة الصفحة الرئيسية (عرض سعر مكتوب بعد المعاينة)
10453,شركة تركيب مظلات سيارات في قطر,shrkh-trkyb-mzlat-syarat-fy-qtr,https://www.rukn-eltatawer.com/qa/shrkh-trkyb-mzlat-syarat-fy-qtr/,2026-03-24,2026-03-24,2668,8,2,لا,عالية,إعادة كتابة كاملة,قالب-إيموجي | slug-رومنة,قالب موحّد (8 عناوين H2 متطابقة + إيموجي كثيف + ~2600 كلمة). التشابه مع مقالات أخرى يتجاوز 90%؛ صور نسبية مكسورة (مثل roof-insulation-qatar.webp) لا تُرفع من مكتبة الوسائط؛ رابط slug رومنة سيئة (shrkh-...) وعنوان SEO فيه رقم هاتف وإيموجي؛ تاريخ ظاهر «مارس 2026» رغم أن اليوم سبتمبر 2026؛ وعد «معاينة مجانية» يتعارض مع رسالة الصفحة الرئيسية (عرض سعر مكتوب بعد المعاينة)
10422,شركة تركيب ورق جدران في قطر,shrkh-trkyb-wrq-jdran-fy-qtr,https://www.rukn-eltatawer.com/qa/shrkh-trkyb-wrq-jdran-fy-qtr/,2026-03-24,2026-03-24,2666,8,2,لا,عالية,إعادة كتابة كاملة,قالب-إيموجي | slug-رومنة,قالب موحّد (8 عناوين H2 متطابقة + إيموجي كثيف + ~2600 كلمة). التشابه مع مقالات أخرى يتجاوز 90%؛ صور نسبية مكسورة (مثل roof-insulation-qatar.webp) لا تُرفع من مكتبة الوسائط؛ رابط slug رومنة سيئة (shrkh-...) وعنوان SEO فيه رقم هاتف وإيموجي؛ تاريخ ظاهر «مارس 2026» رغم أن اليوم سبتمبر 2026؛ وعد «معاينة مجانية» يتعارض مع رسالة الصفحة الرئيسية (عرض سعر مكتوب بعد المعاينة)
10414,شركة ترميم حمامات في قطر,shrkh-trmym-hmamat-fy-qtr,https://www.rukn-eltatawer.com/qa/shrkh-trmym-hmamat-fy-qtr/,2026-03-24,2026-03-24,2597,8,2,لا,عالية,إعادة كتابة كاملة,قالب-إيموجي | slug-رومنة,قالب موحّد (8 عناوين H2 متطابقة + إيموجي كثيف + ~2600 كلمة). التشابه مع مقالات أخرى يتجاوز 90%؛ صور نسبية مكسورة (مثل roof-insulation-qatar.webp) لا تُرفع من مكتبة الوسائط؛ رابط slug رومنة سيئة (shrkh-...) وعنوان SEO فيه رقم هاتف وإيموجي؛ تاريخ ظاهر «مارس 2026» رغم أن اليوم سبتمبر 2026؛ وعد «معاينة مجانية» يتعارض مع رسالة الصفحة الرئيسية (عرض سعر مكتوب بعد المعاينة)
10415,شركة ترميم مطابخ في قطر,shrkh-trmym-mtabkh-fy-qtr,https://www.rukn-eltatawer.com/qa/shrkh-trmym-mtabkh-fy-qtr/,2026-03-24,2026-03-24,2600,8,2,لا,عالية,إعادة كتابة كاملة,قالب-إيموجي | slug-رومنة,قالب موحّد (8 عناوين H2 متطابقة + إيموجي كثيف + ~2600 كلمة). التشابه مع مقالات أخرى يتجاوز 90%؛ صور نسبية مكسورة (مثل roof-insulation-qatar.webp) لا تُرفع من مكتبة الوسائط؛ رابط slug رومنة سيئة (shrkh-...) وعنوان SEO فيه رقم هاتف وإيموجي؛ تاريخ ظاهر «مارس 2026» رغم أن اليوم سبتمبر 2026؛ وعد «معاينة مجانية» يتعارض مع رسالة الصفحة الرئيسية (عرض سعر مكتوب بعد المعاينة)
10413,شركة ترميم منازل في قطر,shrkh-trmym-mnazl-fy-qtr,https://www.rukn-eltatawer.com/qa/shrkh-trmym-mnazl-fy-qtr/,2026-03-24,2026-03-24,2600,8,2,لا,عالية,إعادة كتابة كاملة,قالب-إيموجي | slug-رومنة,قالب موحّد (8 عناوين H2 متطابقة + إيموجي كثيف + ~2600 كلمة). التشابه مع مقالات أخرى يتجاوز 90%؛ صور نسبية مكسورة (مثل roof-insulation-qatar.webp) لا تُرفع من مكتبة الوسائط؛ رابط slug رومنة سيئة (shrkh-...) وعنوان SEO فيه رقم هاتف وإيموجي؛ تاريخ ظاهر «مارس 2026» رغم أن اليوم سبتمبر 2026؛ وعد «معاينة مجانية» يتعارض مع رسالة الصفحة الرئيسية (عرض سعر مكتوب بعد المعاينة)
10417,شركة تشطيب شقق في قطر,shrkh-tshtyb-shqq-fy-qtr,https://www.rukn-eltatawer.com/qa/shrkh-tshtyb-shqq-fy-qtr/,2026-03-24,2026-03-24,2597,8,2,لا,عالية,إعادة كتابة كاملة,قالب-إيموجي | slug-رومنة,قالب موحّد (8 عناوين H2 متطابقة + إيموجي كثيف + ~2600 كلمة). التشابه مع مقالات أخرى يتجاوز 90%؛ صور نسبية مكسورة (مثل roof-insulation-qatar.webp) لا تُرفع من مكتبة الوسائط؛ رابط slug رومنة سيئة (shrkh-...) وعنوان SEO فيه رقم هاتف وإيموجي؛ تاريخ ظاهر «مارس 2026» رغم أن اليوم سبتمبر 2026؛ وعد «معاينة مجانية» يتعارض مع رسالة الصفحة الرئيسية (عرض سعر مكتوب بعد المعاينة)
10416,شركة تشطيب فلل في قطر,shrkh-tshtyb-fll-fy-qtr,https://www.rukn-eltatawer.com/qa/shrkh-tshtyb-fll-fy-qtr/,2026-03-24,2026-03-24,2598,8,2,لا,عالية,إعادة كتابة كاملة,قالب-إيموجي | slug-رومنة,قالب موحّد (8 عناوين H2 متطابقة + إيموجي كثيف + ~2600 كلمة). التشابه مع مقالات أخرى يتجاوز 90%؛ صور نسبية مكسورة (مثل roof-insulation-qatar.webp) لا تُرفع من مكتبة الوسائط؛ رابط slug رومنة سيئة (shrkh-...) وعنوان SEO فيه رقم هاتف وإيموجي؛ تاريخ ظاهر «مارس 2026» رغم أن اليوم سبتمبر 2026؛ وعد «معاينة مجانية» يتعارض مع رسالة الصفحة الرئيسية (عرض سعر مكتوب بعد المعاينة)
10443,شركة تصميم حدائق في قطر,shrkh-tsmym-hdayq-fy-qtr,https://www.rukn-eltatawer.com/qa/shrkh-tsmym-hdayq-fy-qtr/,2026-03-24,2026-03-24,2600,8,2,لا,عالية,إعادة كتابة كاملة,قالب-إيموجي | slug-رومنة,قالب موحّد (8 عناوين H2 متطابقة + إيموجي كثيف + ~2600 كلمة). التشابه مع مقالات أخرى يتجاوز 90%؛ صور نسبية مكسورة (مثل roof-insulation-qatar.webp) لا تُرفع من مكتبة الوسائط؛ رابط slug رومنة سيئة (shrkh-...) وعنوان SEO فيه رقم هاتف وإيموجي؛ تاريخ ظاهر «مارس 2026» رغم أن اليوم سبتمبر 2026؛ وعد «معاينة مجانية» يتعارض مع رسالة الصفحة الرئيسية (عرض سعر مكتوب بعد المعاينة)
10449,شركة تصميم شلالات في قطر,shrkh-tsmym-shlalat-fy-qtr,https://www.rukn-eltatawer.com/qa/shrkh-tsmym-shlalat-fy-qtr/,2026-03-24,2026-03-24,2597,8,2,لا,عالية,إعادة كتابة كاملة,قالب-إيموجي | slug-رومنة,قالب موحّد (8 عناوين H2 متطابقة + إيموجي كثيف + ~2600 كلمة). التشابه مع مقالات أخرى يتجاوز 90%؛ صور نسبية مكسورة (مثل roof-insulation-qatar.webp) لا تُرفع من مكتبة الوسائط؛ رابط slug رومنة سيئة (shrkh-...) وعنوان SEO فيه رقم هاتف وإيموجي؛ تاريخ ظاهر «مارس 2026» رغم أن اليوم سبتمبر 2026؛ وعد «معاينة مجانية» يتعارض مع رسالة الصفحة الرئيسية (عرض سعر مكتوب بعد المعاينة)
10450,شركة تصميم نوافير في قطر,shrkh-tsmym-nwafyr-fy-qtr,https://www.rukn-eltatawer.com/qa/shrkh-tsmym-nwafyr-fy-qtr/,2026-03-24,2026-03-24,2597,8,2,لا,عالية,إعادة كتابة كاملة,قالب-إيموجي | slug-رومنة,قالب موحّد (8 عناوين H2 متطابقة + إيموجي كثيف + ~2600 كلمة). التشابه مع مقالات أخرى يتجاوز 90%؛ صور نسبية مكسورة (مثل roof-insulation-qatar.webp) لا تُرفع من مكتبة الوسائط؛ رابط slug رومنة سيئة (shrkh-...) وعنوان SEO فيه رقم هاتف وإيموجي؛ تاريخ ظاهر «مارس 2026» رغم أن اليوم سبتمبر 2026؛ وعد «معاينة مجانية» يتعارض مع رسالة الصفحة الرئيسية (عرض سعر مكتوب بعد المعاينة)
10388,شركة تعبئة غاز مكيفات في قطر,shrkh-tabyh-ghaz-mkyfat-fy-qtr,https://www.rukn-eltatawer.com/qa/shrkh-tabyh-ghaz-mkyfat-fy-qtr/,2026-03-24,2026-03-24,2668,8,2,لا,عالية,إعادة كتابة كاملة,قالب-إيموجي | slug-رومنة,قالب موحّد (8 عناوين H2 متطابقة + إيموجي كثيف + ~2600 كلمة). التشابه مع مقالات أخرى يتجاوز 90%؛ صور نسبية مكسورة (مثل roof-insulation-qatar.webp) لا تُرفع من مكتبة الوسائط؛ رابط slug رومنة سيئة (shrkh-...) وعنوان SEO فيه رقم هاتف وإيموجي؛ تاريخ ظاهر «مارس 2026» رغم أن اليوم سبتمبر 2026؛ وعد «معاينة مجانية» يتعارض مع رسالة الصفحة الرئيسية (عرض سعر مكتوب بعد المعاينة)
10354,شركة تعقيم منازل في قطر,shrkh-taqym-mnazl-fy-qtr,https://www.rukn-eltatawer.com/qa/shrkh-taqym-mnazl-fy-qtr/,2026-03-24,2026-03-24,2597,8,2,لا,عالية,إعادة كتابة كاملة,قالب-إيموجي | slug-رومنة,قالب موحّد (8 عناوين H2 متطابقة + إيموجي كثيف + ~2600 كلمة). التشابه مع مقالات أخرى يتجاوز 90%؛ صور نسبية مكسورة (مثل roof-insulation-qatar.webp) لا تُرفع من مكتبة الوسائط؛ رابط slug رومنة سيئة (shrkh-...) وعنوان SEO فيه رقم هاتف وإيموجي؛ تاريخ ظاهر «مارس 2026» رغم أن اليوم سبتمبر 2026؛ وعد «معاينة مجانية» يتعارض مع رسالة الصفحة الرئيسية (عرض سعر مكتوب بعد المعاينة)
10436,شركة تفصيل مطابخ في قطر,shrkh-tfsyl-mtabkh-fy-qtr,https://www.rukn-eltatawer.com/qa/shrkh-tfsyl-mtabkh-fy-qtr/,2026-03-24,2026-03-24,2597,8,2,لا,عالية,إعادة كتابة كاملة,قالب-إيموجي | slug-رومنة,قالب موحّد (8 عناوين H2 متطابقة + إيموجي كثيف + ~2600 كلمة). التشابه مع مقالات أخرى يتجاوز 90%؛ صور نسبية مكسورة (مثل roof-insulation-qatar.webp) لا تُرفع من مكتبة الوسائط؛ رابط slug رومنة سيئة (shrkh-...) وعنوان SEO فيه رقم هاتف وإيموجي؛ تاريخ ظاهر «مارس 2026» رغم أن اليوم سبتمبر 2026؛ وعد «معاينة مجانية» يتعارض مع رسالة الصفحة الرئيسية (عرض سعر مكتوب بعد المعاينة)
10447,شركة تكريب نخيل في قطر,shrkh-tkryb-nkhyl-fy-qtr,https://www.rukn-eltatawer.com/qa/shrkh-tkryb-nkhyl-fy-qtr/,2026-03-24,2026-03-24,2600,8,2,لا,عالية,إعادة كتابة كاملة,قالب-إيموجي | slug-رومنة,قالب موحّد (8 عناوين H2 متطابقة + إيموجي كثيف + ~2600 كلمة). التشابه مع مقالات أخرى يتجاوز 90%؛ صور نسبية مكسورة (مثل roof-insulation-qatar.webp) لا تُرفع من مكتبة الوسائط؛ رابط slug رومنة سيئة (shrkh-...) وعنوان SEO فيه رقم هاتف وإيموجي؛ تاريخ ظاهر «مارس 2026» رغم أن اليوم سبتمبر 2026؛ وعد «معاينة مجانية» يتعارض مع رسالة الصفحة الرئيسية (عرض سعر مكتوب بعد المعاينة)
10352,شركة تلميع سيراميك في قطر,shrkh-tlmya-syramyk-fy-qtr,https://www.rukn-eltatawer.com/qa/shrkh-tlmya-syramyk-fy-qtr/,2026-03-24,2026-03-24,2597,8,2,لا,عالية,إعادة كتابة كاملة,قالب-إيموجي | slug-رومنة,قالب موحّد (8 عناوين H2 متطابقة + إيموجي كثيف + ~2600 كلمة). التشابه مع مقالات أخرى يتجاوز 90%؛ صور نسبية مكسورة (مثل roof-insulation-qatar.webp) لا تُرفع من مكتبة الوسائط؛ رابط slug رومنة سيئة (shrkh-...) وعنوان SEO فيه رقم هاتف وإيموجي؛ تاريخ ظاهر «مارس 2026» رغم أن اليوم سبتمبر 2026؛ وعد «معاينة مجانية» يتعارض مع رسالة الصفحة الرئيسية (عرض سعر مكتوب بعد المعاينة)
10442,شركة تنسيق حدائق في قطر,shrkh-tnsyq-hdayq-fy-qtr,https://www.rukn-eltatawer.com/qa/shrkh-tnsyq-hdayq-fy-qtr/,2026-03-24,2026-03-24,2597,8,2,لا,عالية,إعادة كتابة كاملة,قالب-إيموجي | slug-رومنة,قالب موحّد (8 عناوين H2 متطابقة + إيموجي كثيف + ~2600 كلمة). التشابه مع مقالات أخرى يتجاوز 90%؛ صور نسبية مكسورة (مثل roof-insulation-qatar.webp) لا تُرفع من مكتبة الوسائط؛ رابط slug رومنة سيئة (shrkh-...) وعنوان SEO فيه رقم هاتف وإيموجي؛ تاريخ ظاهر «مارس 2026» رغم أن اليوم سبتمبر 2026؛ وعد «معاينة مجانية» يتعارض مع رسالة الصفحة الرئيسية (عرض سعر مكتوب بعد المعاينة)
10350,شركة تنظيف بعد التشطيب في قطر,shrkh-tnzyf-bad-altshtyb-fy-qtr,https://www.rukn-eltatawer.com/qa/shrkh-tnzyf-bad-altshtyb-fy-qtr/,2026-03-24,2026-03-24,2669,8,2,لا,عالية,إعادة كتابة كاملة,قالب-إيموجي | slug-رومنة,قالب موحّد (8 عناوين H2 متطابقة + إيموجي كثيف + ~2600 كلمة). التشابه مع مقالات أخرى يتجاوز 90%؛ صور نسبية مكسورة (مثل roof-insulation-qatar.webp) لا تُرفع من مكتبة الوسائط؛ رابط slug رومنة سيئة (shrkh-...) وعنوان SEO فيه رقم هاتف وإيموجي؛ تاريخ ظاهر «مارس 2026» رغم أن اليوم سبتمبر 2026؛ وعد «معاينة مجانية» يتعارض مع رسالة الصفحة الرئيسية (عرض سعر مكتوب بعد المعاينة)
10339,شركة تنظيف خيام وبيوت شعر في قطر,shrkh-tnzyf-khyam-wbywt-shar-fy-qtr,https://www.rukn-eltatawer.com/qa/shrkh-tnzyf-khyam-wbywt-shar-fy-qtr/,2026-03-24,2026-03-24,2736,8,2,لا,عالية,إعادة كتابة كاملة,قالب-إيموجي | slug-رومنة,قالب موحّد (8 عناوين H2 متطابقة + إيموجي كثيف + ~2600 كلمة). التشابه مع مقالات أخرى يتجاوز 90%؛ صور نسبية مكسورة (مثل roof-insulation-qatar.webp) لا تُرفع من مكتبة الوسائط؛ رابط slug رومنة سيئة (shrkh-...) وعنوان SEO فيه رقم هاتف وإيموجي؛ تاريخ ظاهر «مارس 2026» رغم أن اليوم سبتمبر 2026؛ وعد «معاينة مجانية» يتعارض مع رسالة الصفحة الرئيسية (عرض سعر مكتوب بعد المعاينة)
10348,شركة تنظيف دكت مكيفات في قطر,shrkh-tnzyf-dkt-mkyfat-fy-qtr,https://www.rukn-eltatawer.com/qa/shrkh-tnzyf-dkt-mkyfat-fy-qtr/,2026-03-24,2026-03-24,2666,8,2,لا,عالية,إعادة كتابة كاملة,قالب-إيموجي | slug-رومنة,قالب موحّد (8 عناوين H2 متطابقة + إيموجي كثيف + ~2600 كلمة). التشابه مع مقالات أخرى يتجاوز 90%؛ صور نسبية مكسورة (مثل roof-insulation-qatar.webp) لا تُرفع من مكتبة الوسائط؛ رابط slug رومنة سيئة (shrkh-...) وعنوان SEO فيه رقم هاتف وإيموجي؛ تاريخ ظاهر «مارس 2026» رغم أن اليوم سبتمبر 2026؛ وعد «معاينة مجانية» يتعارض مع رسالة الصفحة الرئيسية (عرض سعر مكتوب بعد المعاينة)
10346,شركة تنظيف ستائر في قطر,shrkh-tnzyf-stayr-fy-qtr,https://www.rukn-eltatawer.com/qa/shrkh-tnzyf-stayr-fy-qtr/,2026-03-24,2026-03-24,2597,8,2,لا,عالية,إعادة كتابة كاملة,قالب-إيموجي | slug-رومنة,قالب موحّد (8 عناوين H2 متطابقة + إيموجي كثيف + ~2600 كلمة). التشابه مع مقالات أخرى يتجاوز 90%؛ صور نسبية مكسورة (مثل roof-insulation-qatar.webp) لا تُرفع من مكتبة الوسائط؛ رابط slug رومنة سيئة (shrkh-...) وعنوان SEO فيه رقم هاتف وإيموجي؛ تاريخ ظاهر «مارس 2026» رغم أن اليوم سبتمبر 2026؛ وعد «معاينة مجانية» يتعارض مع رسالة الصفحة الرئيسية (عرض سعر مكتوب بعد المعاينة)
10344,شركة تنظيف سجاد وموكيت في قطر,shrkh-tnzyf-sjad-wmwkyt-fy-qtr,https://www.rukn-eltatawer.com/qa/shrkh-tnzyf-sjad-wmwkyt-fy-qtr/,2026-03-24,2026-03-24,2665,8,2,لا,عالية,إعادة كتابة كاملة,قالب-إيموجي | slug-رومنة,قالب موحّد (8 عناوين H2 متطابقة + إيموجي كثيف + ~2600 كلمة). التشابه مع مقالات أخرى يتجاوز 90%؛ صور نسبية مكسورة (مثل roof-insulation-qatar.webp) لا تُرفع من مكتبة الوسائط؛ رابط slug رومنة سيئة (shrkh-...) وعنوان SEO فيه رقم هاتف وإيموجي؛ تاريخ ظاهر «مارس 2026» رغم أن اليوم سبتمبر 2026؛ وعد «معاينة مجانية» يتعارض مع رسالة الصفحة الرئيسية (عرض سعر مكتوب بعد المعاينة)
10379,شركة تنظيف غرف تفتيش في قطر,shrkh-tnzyf-ghrf-tftysh-fy-qtr,https://www.rukn-eltatawer.com/qa/shrkh-tnzyf-ghrf-tftysh-fy-qtr/,2026-03-24,2026-03-24,2665,8,2,لا,عالية,إعادة كتابة كاملة,قالب-إيموجي | slug-رومنة,قالب موحّد (8 عناوين H2 متطابقة + إيموجي كثيف + ~2600 كلمة). التشابه مع مقالات أخرى يتجاوز 90%؛ صور نسبية مكسورة (مثل roof-insulation-qatar.webp) لا تُرفع من مكتبة الوسائط؛ رابط slug رومنة سيئة (shrkh-...) وعنوان SEO فيه رقم هاتف وإيموجي؛ تاريخ ظاهر «مارس 2026» رغم أن اليوم سبتمبر 2026؛ وعد «معاينة مجانية» يتعارض مع رسالة الصفحة الرئيسية (عرض سعر مكتوب بعد المعاينة)
10337,شركة تنظيف قصور في قطر,shrkh-tnzyf-qswr-fy-qtr,https://www.rukn-eltatawer.com/qa/shrkh-tnzyf-qswr-fy-qtr/,2026-03-24,2026-03-24,2600,8,2,لا,عالية,إعادة كتابة كاملة,قالب-إيموجي | slug-رومنة,قالب موحّد (8 عناوين H2 متطابقة + إيموجي كثيف + ~2600 كلمة). التشابه مع مقالات أخرى يتجاوز 90%؛ صور نسبية مكسورة (مثل roof-insulation-qatar.webp) لا تُرفع من مكتبة الوسائط؛ رابط slug رومنة سيئة (shrkh-...) وعنوان SEO فيه رقم هاتف وإيموجي؛ تاريخ ظاهر «مارس 2026» رغم أن اليوم سبتمبر 2026؛ وعد «معاينة مجانية» يتعارض مع رسالة الصفحة الرئيسية (عرض سعر مكتوب بعد المعاينة)
10345,شركة تنظيف كنب في قطر,shrkh-tnzyf-knb-fy-qtr,https://www.rukn-eltatawer.com/qa/shrkh-tnzyf-knb-fy-qtr/,2026-03-24,2026-03-24,2600,8,2,لا,عالية,إعادة كتابة كاملة,قالب-إيموجي | slug-رومنة,قالب موحّد (8 عناوين H2 متطابقة + إيموجي كثيف + ~2600 كلمة). التشابه مع مقالات أخرى يتجاوز 90%؛ صور نسبية مكسورة (مثل roof-insulation-qatar.webp) لا تُرفع من مكتبة الوسائط؛ رابط slug رومنة سيئة (shrkh-...) وعنوان SEO فيه رقم هاتف وإيموجي؛ تاريخ ظاهر «مارس 2026» رغم أن اليوم سبتمبر 2026؛ وعد «معاينة مجانية» يتعارض مع رسالة الصفحة الرئيسية (عرض سعر مكتوب بعد المعاينة)
10338,شركة تنظيف مجالس في قطر,shrkh-tnzyf-mjals-fy-qtr,https://www.rukn-eltatawer.com/qa/shrkh-tnzyf-mjals-fy-qtr/,2026-03-24,2026-03-24,2597,8,2,لا,عالية,إعادة كتابة كاملة,قالب-إيموجي | slug-رومنة,قالب موحّد (8 عناوين H2 متطابقة + إيموجي كثيف + ~2600 كلمة). التشابه مع مقالات أخرى يتجاوز 90%؛ صور نسبية مكسورة (مثل roof-insulation-qatar.webp) لا تُرفع من مكتبة الوسائط؛ رابط slug رومنة سيئة (shrkh-...) وعنوان SEO فيه رقم هاتف وإيموجي؛ تاريخ ظاهر «مارس 2026» رغم أن اليوم سبتمبر 2026؛ وعد «معاينة مجانية» يتعارض مع رسالة الصفحة الرئيسية (عرض سعر مكتوب بعد المعاينة)
10349,شركة تنظيف مداخن مطاعم في قطر,shrkh-tnzyf-mdakhn-mtaam-fy-qtr,https://www.rukn-eltatawer.com/qa/shrkh-tnzyf-mdakhn-mtaam-fy-qtr/,2026-03-24,2026-03-24,2665,8,2,لا,عالية,إعادة كتابة كاملة,قالب-إيموجي | slug-رومنة,قالب موحّد (8 عناوين H2 متطابقة + إيموجي كثيف + ~2600 كلمة). التشابه مع مقالات أخرى يتجاوز 90%؛ صور نسبية مكسورة (مثل roof-insulation-qatar.webp) لا تُرفع من مكتبة الوسائط؛ رابط slug رومنة سيئة (shrkh-...) وعنوان SEO فيه رقم هاتف وإيموجي؛ تاريخ ظاهر «مارس 2026» رغم أن اليوم سبتمبر 2026؛ وعد «معاينة مجانية» يتعارض مع رسالة الصفحة الرئيسية (عرض سعر مكتوب بعد المعاينة)
10347,شركة تنظيف مراتب في قطر,shrkh-tnzyf-mratb-fy-qtr,https://www.rukn-eltatawer.com/qa/shrkh-tnzyf-mratb-fy-qtr/,2026-03-24,2026-03-24,2600,8,2,لا,عالية,إعادة كتابة كاملة,قالب-إيموجي | slug-رومنة,قالب موحّد (8 عناوين H2 متطابقة + إيموجي كثيف + ~2600 كلمة). التشابه مع مقالات أخرى يتجاوز 90%؛ صور نسبية مكسورة (مثل roof-insulation-qatar.webp) لا تُرفع من مكتبة الوسائط؛ رابط slug رومنة سيئة (shrkh-...) وعنوان SEO فيه رقم هاتف وإيموجي؛ تاريخ ظاهر «مارس 2026» رغم أن اليوم سبتمبر 2026؛ وعد «معاينة مجانية» يتعارض مع رسالة الصفحة الرئيسية (عرض سعر مكتوب بعد المعاينة)
10341,شركة تنظيف مسابح في قطر,shrkh-tnzyf-msabh-fy-qtr,https://www.rukn-eltatawer.com/qa/shrkh-tnzyf-msabh-fy-qtr/,2026-03-24,2026-03-24,2600,8,2,لا,عالية,إعادة كتابة كاملة,قالب-إيموجي | slug-رومنة,قالب موحّد (8 عناوين H2 متطابقة + إيموجي كثيف + ~2600 كلمة). التشابه مع مقالات أخرى يتجاوز 90%؛ صور نسبية مكسورة (مثل roof-insulation-qatar.webp) لا تُرفع من مكتبة الوسائط؛ رابط slug رومنة سيئة (shrkh-...) وعنوان SEO فيه رقم هاتف وإيموجي؛ تاريخ ظاهر «مارس 2026» رغم أن اليوم سبتمبر 2026؛ وعد «معاينة مجانية» يتعارض مع رسالة الصفحة الرئيسية (عرض سعر مكتوب بعد المعاينة)
10343,شركة تنظيف واجهات حجرية في قطر,shrkh-tnzyf-wajhat-hjryh-fy-qtr,https://www.rukn-eltatawer.com/qa/shrkh-tnzyf-wajhat-hjryh-fy-qtr/,2026-03-24,2026-03-24,2665,8,2,لا,عالية,إعادة كتابة كاملة,قالب-إيموجي | slug-رومنة,قالب موحّد (8 عناوين H2 متطابقة + إيموجي كثيف + ~2600 كلمة). التشابه مع مقالات أخرى يتجاوز 90%؛ صور نسبية مكسورة (مثل roof-insulation-qatar.webp) لا تُرفع من مكتبة الوسائط؛ رابط slug رومنة سيئة (shrkh-...) وعنوان SEO فيه رقم هاتف وإيموجي؛ تاريخ ظاهر «مارس 2026» رغم أن اليوم سبتمبر 2026؛ وعد «معاينة مجانية» يتعارض مع رسالة الصفحة الرئيسية (عرض سعر مكتوب بعد المعاينة)
10342,شركة تنظيف واجهات زجاجية في قطر,shrkh-tnzyf-wajhat-zjajyh-fy-qtr,https://www.rukn-eltatawer.com/qa/shrkh-tnzyf-wajhat-zjajyh-fy-qtr/,2026-03-24,2026-03-24,2665,8,2,لا,عالية,إعادة كتابة كاملة,قالب-إيموجي | slug-رومنة,قالب موحّد (8 عناوين H2 متطابقة + إيموجي كثيف + ~2600 كلمة). التشابه مع مقالات أخرى يتجاوز 90%؛ صور نسبية مكسورة (مثل roof-insulation-qatar.webp) لا تُرفع من مكتبة الوسائط؛ رابط slug رومنة سيئة (shrkh-...) وعنوان SEO فيه رقم هاتف وإيموجي؛ تاريخ ظاهر «مارس 2026» رغم أن اليوم سبتمبر 2026؛ وعد «معاينة مجانية» يتعارض مع رسالة الصفحة الرئيسية (عرض سعر مكتوب بعد المعاينة)
10351,شركة جلي رخام في قطر,shrkh-jly-rkham-fy-qtr,https://www.rukn-eltatawer.com/qa/shrkh-jly-rkham-fy-qtr/,2026-03-24,2026-03-24,2597,8,2,لا,عالية,إعادة كتابة كاملة,قالب-إيموجي | slug-رومنة,قالب موحّد (8 عناوين H2 متطابقة + إيموجي كثيف + ~2600 كلمة). التشابه مع مقالات أخرى يتجاوز 90%؛ صور نسبية مكسورة (مثل roof-insulation-qatar.webp) لا تُرفع من مكتبة الوسائط؛ رابط slug رومنة سيئة (shrkh-...) وعنوان SEO فيه رقم هاتف وإيموجي؛ تاريخ ظاهر «مارس 2026» رغم أن اليوم سبتمبر 2026؛ وعد «معاينة مجانية» يتعارض مع رسالة الصفحة الرئيسية (عرض سعر مكتوب بعد المعاينة)
10420,شركة دهانات خارجية في قطر,shrkh-dhanat-kharjyh-fy-qtr,https://www.rukn-eltatawer.com/qa/shrkh-dhanat-kharjyh-fy-qtr/,2026-03-24,2026-03-24,2600,8,2,لا,عالية,إعادة كتابة كاملة,قالب-إيموجي | slug-رومنة,قالب موحّد (8 عناوين H2 متطابقة + إيموجي كثيف + ~2600 كلمة). التشابه مع مقالات أخرى يتجاوز 90%؛ صور نسبية مكسورة (مثل roof-insulation-qatar.webp) لا تُرفع من مكتبة الوسائط؛ رابط slug رومنة سيئة (shrkh-...) وعنوان SEO فيه رقم هاتف وإيموجي؛ تاريخ ظاهر «مارس 2026» رغم أن اليوم سبتمبر 2026؛ وعد «معاينة مجانية» يتعارض مع رسالة الصفحة الرئيسية (عرض سعر مكتوب بعد المعاينة)
10419,شركة دهانات داخلية في قطر,shrkh-dhanat-dakhlyh-fy-qtr,https://www.rukn-eltatawer.com/qa/shrkh-dhanat-dakhlyh-fy-qtr/,2026-03-24,2026-03-24,2597,8,2,لا,عالية,إعادة كتابة كاملة,قالب-إيموجي | slug-رومنة,قالب موحّد (8 عناوين H2 متطابقة + إيموجي كثيف + ~2600 كلمة). التشابه مع مقالات أخرى يتجاوز 90%؛ صور نسبية مكسورة (مثل roof-insulation-qatar.webp) لا تُرفع من مكتبة الوسائط؛ رابط slug رومنة سيئة (shrkh-...) وعنوان SEO فيه رقم هاتف وإيموجي؛ تاريخ ظاهر «مارس 2026» رغم أن اليوم سبتمبر 2026؛ وعد «معاينة مجانية» يتعارض مع رسالة الصفحة الرئيسية (عرض سعر مكتوب بعد المعاينة)
10421,شركة ديكورات داخلية في قطر,shrkh-dykwrat-dakhlyh-fy-qtr,https://www.rukn-eltatawer.com/qa/shrkh-dykwrat-dakhlyh-fy-qtr/,2026-03-24,2026-03-24,2598,8,2,لا,عالية,إعادة كتابة كاملة,قالب-إيموجي | slug-رومنة,قالب موحّد (8 عناوين H2 متطابقة + إيموجي كثيف + ~2600 كلمة). التشابه مع مقالات أخرى يتجاوز 90%؛ صور نسبية مكسورة (مثل roof-insulation-qatar.webp) لا تُرفع من مكتبة الوسائط؛ رابط slug رومنة سيئة (shrkh-...) وعنوان SEO فيه رقم هاتف وإيموجي؛ تاريخ ظاهر «مارس 2026» رغم أن اليوم سبتمبر 2026؛ وعد «معاينة مجانية» يتعارض مع رسالة الصفحة الرئيسية (عرض سعر مكتوب بعد المعاينة)
10445,شركة زراعة عشب طبيعي في قطر,shrkh-zraah-ashb-tbyay-fy-qtr,https://www.rukn-eltatawer.com/qa/shrkh-zraah-ashb-tbyay-fy-qtr/,2026-03-24,2026-03-24,2665,8,2,لا,عالية,إعادة كتابة كاملة,قالب-إيموجي | slug-رومنة,قالب موحّد (8 عناوين H2 متطابقة + إيموجي كثيف + ~2600 كلمة). التشابه مع مقالات أخرى يتجاوز 90%؛ صور نسبية مكسورة (مثل roof-insulation-qatar.webp) لا تُرفع من مكتبة الوسائط؛ رابط slug رومنة سيئة (shrkh-...) وعنوان SEO فيه رقم هاتف وإيموجي؛ تاريخ ظاهر «مارس 2026» رغم أن اليوم سبتمبر 2026؛ وعد «معاينة مجانية» يتعارض مع رسالة الصفحة الرئيسية (عرض سعر مكتوب بعد المعاينة)
10378,شركة شفط بيارات في قطر,shrkh-shft-byarat-fy-qtr,https://www.rukn-eltatawer.com/qa/shrkh-shft-byarat-fy-qtr/,2026-03-24,2026-03-24,2601,8,2,لا,عالية,إعادة كتابة كاملة,قالب-إيموجي | slug-رومنة,قالب موحّد (8 عناوين H2 متطابقة + إيموجي كثيف + ~2600 كلمة). التشابه مع مقالات أخرى يتجاوز 90%؛ صور نسبية مكسورة (مثل roof-insulation-qatar.webp) لا تُرفع من مكتبة الوسائط؛ رابط slug رومنة سيئة (shrkh-...) وعنوان SEO فيه رقم هاتف وإيموجي؛ تاريخ ظاهر «مارس 2026» رغم أن اليوم سبتمبر 2026؛ وعد «معاينة مجانية» يتعارض مع رسالة الصفحة الرئيسية (عرض سعر مكتوب بعد المعاينة)
10440,شركة صيانة أبواب أوتوماتيكية في قطر,shrkh-syanh-abwab-awtwmatykyh-fy-qtr,https://www.rukn-eltatawer.com/qa/shrkh-syanh-abwab-awtwmatykyh-fy-qtr/,2026-03-24,2026-03-24,2665,8,2,لا,عالية,إعادة كتابة كاملة,قالب-إيموجي | slug-رومنة,قالب موحّد (8 عناوين H2 متطابقة + إيموجي كثيف + ~2600 كلمة). التشابه مع مقالات أخرى يتجاوز 90%؛ صور نسبية مكسورة (مثل roof-insulation-qatar.webp) لا تُرفع من مكتبة الوسائط؛ رابط slug رومنة سيئة (shrkh-...) وعنوان SEO فيه رقم هاتف وإيموجي؛ تاريخ ظاهر «مارس 2026» رغم أن اليوم سبتمبر 2026؛ وعد «معاينة مجانية» يتعارض مع رسالة الصفحة الرئيسية (عرض سعر مكتوب بعد المعاينة)
10438,شركة صيانة أبواب خشبية في قطر,shrkh-syanh-abwab-khshbyh-fy-qtr,https://www.rukn-eltatawer.com/qa/shrkh-syanh-abwab-khshbyh-fy-qtr/,2026-03-24,2026-03-24,2668,8,2,لا,عالية,إعادة كتابة كاملة,قالب-إيموجي | slug-رومنة,قالب موحّد (8 عناوين H2 متطابقة + إيموجي كثيف + ~2600 كلمة). التشابه مع مقالات أخرى يتجاوز 90%؛ صور نسبية مكسورة (مثل roof-insulation-qatar.webp) لا تُرفع من مكتبة الوسائط؛ رابط slug رومنة سيئة (shrkh-...) وعنوان SEO فيه رقم هاتف وإيموجي؛ تاريخ ظاهر «مارس 2026» رغم أن اليوم سبتمبر 2026؛ وعد «معاينة مجانية» يتعارض مع رسالة الصفحة الرئيسية (عرض سعر مكتوب بعد المعاينة)
10393,شركة صيانة أفران في قطر,shrkh-syanh-afran-fy-qtr,https://www.rukn-eltatawer.com/qa/shrkh-syanh-afran-fy-qtr/,2026-03-24,2026-03-24,2600,8,2,لا,عالية,إعادة كتابة كاملة,قالب-إيموجي | slug-رومنة,قالب موحّد (8 عناوين H2 متطابقة + إيموجي كثيف + ~2600 كلمة). التشابه مع مقالات أخرى يتجاوز 90%؛ صور نسبية مكسورة (مثل roof-insulation-qatar.webp) لا تُرفع من مكتبة الوسائط؛ رابط slug رومنة سيئة (shrkh-...) وعنوان SEO فيه رقم هاتف وإيموجي؛ تاريخ ظاهر «مارس 2026» رغم أن اليوم سبتمبر 2026؛ وعد «معاينة مجانية» يتعارض مع رسالة الصفحة الرئيسية (عرض سعر مكتوب بعد المعاينة)
10390,شركة صيانة ثلاجات في قطر,shrkh-syanh-thlajat-fy-qtr,https://www.rukn-eltatawer.com/qa/shrkh-syanh-thlajat-fy-qtr/,2026-03-24,2026-03-24,2600,8,2,لا,عالية,إعادة كتابة كاملة,قالب-إيموجي | slug-رومنة,قالب موحّد (8 عناوين H2 متطابقة + إيموجي كثيف + ~2600 كلمة). التشابه مع مقالات أخرى يتجاوز 90%؛ صور نسبية مكسورة (مثل roof-insulation-qatar.webp) لا تُرفع من مكتبة الوسائط؛ رابط slug رومنة سيئة (shrkh-...) وعنوان SEO فيه رقم هاتف وإيموجي؛ تاريخ ظاهر «مارس 2026» رغم أن اليوم سبتمبر 2026؛ وعد «معاينة مجانية» يتعارض مع رسالة الصفحة الرئيسية (عرض سعر مكتوب بعد المعاينة)
10381,شركة صيانة دينامو في قطر,shrkh-syanh-dynamw-fy-qtr,https://www.rukn-eltatawer.com/qa/shrkh-syanh-dynamw-fy-qtr/,2026-03-24,2026-03-24,2597,8,2,لا,عالية,إعادة كتابة كاملة,قالب-إيموجي | slug-رومنة,قالب موحّد (8 عناوين H2 متطابقة + إيموجي كثيف + ~2600 كلمة). التشابه مع مقالات أخرى يتجاوز 90%؛ صور نسبية مكسورة (مثل roof-insulation-qatar.webp) لا تُرفع من مكتبة الوسائط؛ رابط slug رومنة سيئة (shrkh-...) وعنوان SEO فيه رقم هاتف وإيموجي؛ تاريخ ظاهر «مارس 2026» رغم أن اليوم سبتمبر 2026؛ وعد «معاينة مجانية» يتعارض مع رسالة الصفحة الرئيسية (عرض سعر مكتوب بعد المعاينة)
10384,شركة صيانة سخانات مياه في قطر,shrkh-syanh-skhanat-myah-fy-qtr,https://www.rukn-eltatawer.com/qa/shrkh-syanh-skhanat-myah-fy-qtr/,2026-03-24,2026-03-24,2665,8,2,لا,عالية,إعادة كتابة كاملة,قالب-إيموجي | slug-رومنة,قالب موحّد (8 عناوين H2 متطابقة + إيموجي كثيف + ~2600 كلمة). التشابه مع مقالات أخرى يتجاوز 90%؛ صور نسبية مكسورة (مثل roof-insulation-qatar.webp) لا تُرفع من مكتبة الوسائط؛ رابط slug رومنة سيئة (shrkh-...) وعنوان SEO فيه رقم هاتف وإيموجي؛ تاريخ ظاهر «مارس 2026» رغم أن اليوم سبتمبر 2026؛ وعد «معاينة مجانية» يتعارض مع رسالة الصفحة الرئيسية (عرض سعر مكتوب بعد المعاينة)
10394,شركة صيانة طباخات في قطر,shrkh-syanh-tbakhat-fy-qtr,https://www.rukn-eltatawer.com/qa/shrkh-syanh-tbakhat-fy-qtr/,2026-03-24,2026-03-24,2597,8,2,لا,عالية,إعادة كتابة كاملة,قالب-إيموجي | slug-رومنة,قالب موحّد (8 عناوين H2 متطابقة + إيموجي كثيف + ~2600 كلمة). التشابه مع مقالات أخرى يتجاوز 90%؛ صور نسبية مكسورة (مثل roof-insulation-qatar.webp) لا تُرفع من مكتبة الوسائط؛ رابط slug رومنة سيئة (shrkh-...) وعنوان SEO فيه رقم هاتف وإيموجي؛ تاريخ ظاهر «مارس 2026» رغم أن اليوم سبتمبر 2026؛ وعد «معاينة مجانية» يتعارض مع رسالة الصفحة الرئيسية (عرض سعر مكتوب بعد المعاينة)
10407,شركة صيانة عامة في قطر,shrkh-syanh-aamh-fy-qtr,https://www.rukn-eltatawer.com/qa/shrkh-syanh-aamh-fy-qtr/,2026-03-24,2026-03-24,2597,8,2,لا,عالية,إعادة كتابة كاملة,قالب-إيموجي | slug-رومنة,قالب موحّد (8 عناوين H2 متطابقة + إيموجي كثيف + ~2600 كلمة). التشابه مع مقالات أخرى يتجاوز 90%؛ صور نسبية مكسورة (مثل roof-insulation-qatar.webp) لا تُرفع من مكتبة الوسائط؛ رابط slug رومنة سيئة (shrkh-...) وعنوان SEO فيه رقم هاتف وإيموجي؛ تاريخ ظاهر «مارس 2026» رغم أن اليوم سبتمبر 2026؛ وعد «معاينة مجانية» يتعارض مع رسالة الصفحة الرئيسية (عرض سعر مكتوب بعد المعاينة)
10389,شركة صيانة غرف تبريد وتجميد في قطر,shrkh-syanh-ghrf-tbryd-wtjmyd-fy-qtr,https://www.rukn-eltatawer.com/qa/shrkh-syanh-ghrf-tbryd-wtjmyd-fy-qtr/,2026-03-24,2026-03-24,2733,8,2,لا,عالية,إعادة كتابة كاملة,قالب-إيموجي | slug-رومنة,قالب موحّد (8 عناوين H2 متطابقة + إيموجي كثيف + ~2600 كلمة). التشابه مع مقالات أخرى يتجاوز 90%؛ صور نسبية مكسورة (مثل roof-insulation-qatar.webp) لا تُرفع من مكتبة الوسائط؛ رابط slug رومنة سيئة (shrkh-...) وعنوان SEO فيه رقم هاتف وإيموجي؛ تاريخ ظاهر «مارس 2026» رغم أن اليوم سبتمبر 2026؛ وعد «معاينة مجانية» يتعارض مع رسالة الصفحة الرئيسية (عرض سعر مكتوب بعد المعاينة)
10391,شركة صيانة غسالات في قطر,shrkh-syanh-ghsalat-fy-qtr,https://www.rukn-eltatawer.com/qa/shrkh-syanh-ghsalat-fy-qtr/,2026-03-24,2026-03-24,2597,8,2,لا,عالية,إعادة كتابة كاملة,قالب-إيموجي | slug-رومنة,قالب موحّد (8 عناوين H2 متطابقة + إيموجي كثيف + ~2600 كلمة). التشابه مع مقالات أخرى يتجاوز 90%؛ صور نسبية مكسورة (مثل roof-insulation-qatar.webp) لا تُرفع من مكتبة الوسائط؛ رابط slug رومنة سيئة (shrkh-...) وعنوان SEO فيه رقم هاتف وإيموجي؛ تاريخ ظاهر «مارس 2026» رغم أن اليوم سبتمبر 2026؛ وعد «معاينة مجانية» يتعارض مع رسالة الصفحة الرئيسية (عرض سعر مكتوب بعد المعاينة)
10402,شركة صيانة كاميرات مراقبة في قطر,shrkh-syanh-kamyrat-mraqbh-fy-qtr,https://www.rukn-eltatawer.com/qa/shrkh-syanh-kamyrat-mraqbh-fy-qtr/,2026-03-24,2026-03-24,2666,8,2,لا,عالية,إعادة كتابة كاملة,قالب-إيموجي | slug-رومنة,قالب موحّد (8 عناوين H2 متطابقة + إيموجي كثيف + ~2600 كلمة). التشابه مع مقالات أخرى يتجاوز 90%؛ صور نسبية مكسورة (مثل roof-insulation-qatar.webp) لا تُرفع من مكتبة الوسائط؛ رابط slug رومنة سيئة (shrkh-...) وعنوان SEO فيه رقم هاتف وإيموجي؛ تاريخ ظاهر «مارس 2026» رغم أن اليوم سبتمبر 2026؛ وعد «معاينة مجانية» يتعارض مع رسالة الصفحة الرئيسية (عرض سعر مكتوب بعد المعاينة)
10398,شركة صيانة كهرباء في قطر,shrkh-syanh-khrba-fy-qtr,https://www.rukn-eltatawer.com/qa/shrkh-syanh-khrba-fy-qtr/,2026-03-24,2026-03-24,2598,8,2,لا,عالية,إعادة كتابة كاملة,قالب-إيموجي | slug-رومنة,قالب موحّد (8 عناوين H2 متطابقة + إيموجي كثيف + ~2600 كلمة). التشابه مع مقالات أخرى يتجاوز 90%؛ صور نسبية مكسورة (مثل roof-insulation-qatar.webp) لا تُرفع من مكتبة الوسائط؛ رابط slug رومنة سيئة (shrkh-...) وعنوان SEO فيه رقم هاتف وإيموجي؛ تاريخ ظاهر «مارس 2026» رغم أن اليوم سبتمبر 2026؛ وعد «معاينة مجانية» يتعارض مع رسالة الصفحة الرئيسية (عرض سعر مكتوب بعد المعاينة)
10408,شركة صيانة مباني في قطر,shrkh-syanh-mbany-fy-qtr,https://www.rukn-eltatawer.com/qa/shrkh-syanh-mbany-fy-qtr/,2026-03-24,2026-03-24,2600,8,2,لا,عالية,إعادة كتابة كاملة,قالب-إيموجي | slug-رومنة,قالب موحّد (8 عناوين H2 متطابقة + إيموجي كثيف + ~2600 كلمة). التشابه مع مقالات أخرى يتجاوز 90%؛ صور نسبية مكسورة (مثل roof-insulation-qatar.webp) لا تُرفع من مكتبة الوسائط؛ رابط slug رومنة سيئة (shrkh-...) وعنوان SEO فيه رقم هاتف وإيموجي؛ تاريخ ظاهر «مارس 2026» رغم أن اليوم سبتمبر 2026؛ وعد «معاينة مجانية» يتعارض مع رسالة الصفحة الرئيسية (عرض سعر مكتوب بعد المعاينة)
10452,شركة صيانة مسابح في قطر,shrkh-syanh-msabh-fy-qtr,https://www.rukn-eltatawer.com/qa/shrkh-syanh-msabh-fy-qtr/,2026-03-24,2026-03-24,2597,8,2,لا,عالية,إعادة كتابة كاملة,قالب-إيموجي | slug-رومنة,قالب موحّد (8 عناوين H2 متطابقة + إيموجي كثيف + ~2600 كلمة). التشابه مع مقالات أخرى يتجاوز 90%؛ صور نسبية مكسورة (مثل roof-insulation-qatar.webp) لا تُرفع من مكتبة الوسائط؛ رابط slug رومنة سيئة (shrkh-...) وعنوان SEO فيه رقم هاتف وإيموجي؛ تاريخ ظاهر «مارس 2026» رغم أن اليوم سبتمبر 2026؛ وعد «معاينة مجانية» يتعارض مع رسالة الصفحة الرئيسية (عرض سعر مكتوب بعد المعاينة)
10441,شركة صيانة مصاعد في قطر,shrkh-syanh-msaad-fy-qtr,https://www.rukn-eltatawer.com/qa/shrkh-syanh-msaad-fy-qtr/,2026-03-24,2026-03-24,2600,8,2,لا,عالية,إعادة كتابة كاملة,قالب-إيموجي | slug-رومنة,قالب موحّد (8 عناوين H2 متطابقة + إيموجي كثيف + ~2600 كلمة). التشابه مع مقالات أخرى يتجاوز 90%؛ صور نسبية مكسورة (مثل roof-insulation-qatar.webp) لا تُرفع من مكتبة الوسائط؛ رابط slug رومنة سيئة (shrkh-...) وعنوان SEO فيه رقم هاتف وإيموجي؛ تاريخ ظاهر «مارس 2026» رغم أن اليوم سبتمبر 2026؛ وعد «معاينة مجانية» يتعارض مع رسالة الصفحة الرئيسية (عرض سعر مكتوب بعد المعاينة)
10395,شركة صيانة ميكروويف في قطر,shrkh-syanh-mykrwwyf-fy-qtr,https://www.rukn-eltatawer.com/qa/shrkh-syanh-mykrwwyf-fy-qtr/,2026-03-24,2026-03-24,2600,8,2,لا,عالية,إعادة كتابة كاملة,قالب-إيموجي | slug-رومنة,قالب موحّد (8 عناوين H2 متطابقة + إيموجي كثيف + ~2600 كلمة). التشابه مع مقالات أخرى يتجاوز 90%؛ صور نسبية مكسورة (مثل roof-insulation-qatar.webp) لا تُرفع من مكتبة الوسائط؛ رابط slug رومنة سيئة (shrkh-...) وعنوان SEO فيه رقم هاتف وإيموجي؛ تاريخ ظاهر «مارس 2026» رغم أن اليوم سبتمبر 2026؛ وعد «معاينة مجانية» يتعارض مع رسالة الصفحة الرئيسية (عرض سعر مكتوب بعد المعاينة)
10392,شركة صيانة نشافات في قطر,shrkh-syanh-nshafat-fy-qtr,https://www.rukn-eltatawer.com/qa/shrkh-syanh-nshafat-fy-qtr/,2026-03-24,2026-03-24,2597,8,2,لا,عالية,إعادة كتابة كاملة,قالب-إيموجي | slug-رومنة,قالب موحّد (8 عناوين H2 متطابقة + إيموجي كثيف + ~2600 كلمة). التشابه مع مقالات أخرى يتجاوز 90%؛ صور نسبية مكسورة (مثل roof-insulation-qatar.webp) لا تُرفع من مكتبة الوسائط؛ رابط slug رومنة سيئة (shrkh-...) وعنوان SEO فيه رقم هاتف وإيموجي؛ تاريخ ظاهر «مارس 2026» رغم أن اليوم سبتمبر 2026؛ وعد «معاينة مجانية» يتعارض مع رسالة الصفحة الرئيسية (عرض سعر مكتوب بعد المعاينة)
10324,شركة عزل أسطح في قطر,shrkh-azl-asth-fy-qtr,https://www.rukn-eltatawer.com/qa/shrkh-azl-asth-fy-qtr/,2026-03-24,2026-05-09,2597,8,2,لا,عالية,إعادة كتابة كاملة,قالب-إيموجي | slug-رومنة,قالب موحّد (8 عناوين H2 متطابقة + إيموجي كثيف + ~2600 كلمة). التشابه مع مقالات أخرى يتجاوز 90%؛ صور نسبية مكسورة (مثل roof-insulation-qatar.webp) لا تُرفع من مكتبة الوسائط؛ رابط slug رومنة سيئة (shrkh-...) وعنوان SEO فيه رقم هاتف وإيموجي؛ تاريخ ظاهر «مارس 2026» رغم أن اليوم سبتمبر 2026؛ وعد «معاينة مجانية» يتعارض مع رسالة الصفحة الرئيسية (عرض سعر مكتوب بعد المعاينة)
10328,شركة عزل حراري في قطر,shrkh-azl-hrary-fy-qtr,https://www.rukn-eltatawer.com/qa/shrkh-azl-hrary-fy-qtr/,2026-03-24,2026-05-09,2600,8,2,لا,عالية,إعادة كتابة كاملة,قالب-إيموجي | slug-رومنة,قالب موحّد (8 عناوين H2 متطابقة + إيموجي كثيف + ~2600 كلمة). التشابه مع مقالات أخرى يتجاوز 90%؛ صور نسبية مكسورة (مثل roof-insulation-qatar.webp) لا تُرفع من مكتبة الوسائط؛ رابط slug رومنة سيئة (shrkh-...) وعنوان SEO فيه رقم هاتف وإيموجي؛ تاريخ ظاهر «مارس 2026» رغم أن اليوم سبتمبر 2026؛ وعد «معاينة مجانية» يتعارض مع رسالة الصفحة الرئيسية (عرض سعر مكتوب بعد المعاينة)
10326,شركة عزل حمامات في قطر,shrkh-azl-hmamat-fy-qtr,https://www.rukn-eltatawer.com/qa/shrkh-azl-hmamat-fy-qtr/,2026-03-24,2026-05-09,2597,8,2,لا,عالية,إعادة كتابة كاملة,قالب-إيموجي | slug-رومنة,قالب موحّد (8 عناوين H2 متطابقة + إيموجي كثيف + ~2600 كلمة). التشابه مع مقالات أخرى يتجاوز 90%؛ صور نسبية مكسورة (مثل roof-insulation-qatar.webp) لا تُرفع من مكتبة الوسائط؛ رابط slug رومنة سيئة (shrkh-...) وعنوان SEO فيه رقم هاتف وإيموجي؛ تاريخ ظاهر «مارس 2026» رغم أن اليوم سبتمبر 2026؛ وعد «معاينة مجانية» يتعارض مع رسالة الصفحة الرئيسية (عرض سعر مكتوب بعد المعاينة)
10325,شركة عزل خزانات في قطر,shrkh-azl-khzanat-fy-qtr,https://www.rukn-eltatawer.com/qa/shrkh-azl-khzanat-fy-qtr/,2026-03-24,2026-05-09,2600,8,2,لا,عالية,إعادة كتابة كاملة,قالب-إيموجي | slug-رومنة,قالب موحّد (8 عناوين H2 متطابقة + إيموجي كثيف + ~2600 كلمة). التشابه مع مقالات أخرى يتجاوز 90%؛ صور نسبية مكسورة (مثل roof-insulation-qatar.webp) لا تُرفع من مكتبة الوسائط؛ رابط slug رومنة سيئة (shrkh-...) وعنوان SEO فيه رقم هاتف وإيموجي؛ تاريخ ظاهر «مارس 2026» رغم أن اليوم سبتمبر 2026؛ وعد «معاينة مجانية» يتعارض مع رسالة الصفحة الرئيسية (عرض سعر مكتوب بعد المعاينة)
10331,شركة عزل صوتي في قطر,shrkh-azl-swty-fy-qtr,https://www.rukn-eltatawer.com/qa/shrkh-azl-swty-fy-qtr/,2026-03-24,2026-03-24,2597,8,2,لا,عالية,إعادة كتابة كاملة,قالب-إيموجي | slug-رومنة,قالب موحّد (8 عناوين H2 متطابقة + إيموجي كثيف + ~2600 كلمة). التشابه مع مقالات أخرى يتجاوز 90%؛ صور نسبية مكسورة (مثل roof-insulation-qatar.webp) لا تُرفع من مكتبة الوسائط؛ رابط slug رومنة سيئة (shrkh-...) وعنوان SEO فيه رقم هاتف وإيموجي؛ تاريخ ظاهر «مارس 2026» رغم أن اليوم سبتمبر 2026؛ وعد «معاينة مجانية» يتعارض مع رسالة الصفحة الرئيسية (عرض سعر مكتوب بعد المعاينة)
10330,شركة عزل فوم في قطر,shrkh-azl-fwm-fy-qtr,https://www.rukn-eltatawer.com/qa/shrkh-azl-fwm-fy-qtr/,2026-03-24,2026-05-09,2597,8,2,لا,عالية,إعادة كتابة كاملة,قالب-إيموجي | slug-رومنة,قالب موحّد (8 عناوين H2 متطابقة + إيموجي كثيف + ~2600 كلمة). التشابه مع مقالات أخرى يتجاوز 90%؛ صور نسبية مكسورة (مثل roof-insulation-qatar.webp) لا تُرفع من مكتبة الوسائط؛ رابط slug رومنة سيئة (shrkh-...) وعنوان SEO فيه رقم هاتف وإيموجي؛ تاريخ ظاهر «مارس 2026» رغم أن اليوم سبتمبر 2026؛ وعد «معاينة مجانية» يتعارض مع رسالة الصفحة الرئيسية (عرض سعر مكتوب بعد المعاينة)
10329,شركة عزل مائي في قطر,shrkh-azl-mayy-fy-qtr,https://www.rukn-eltatawer.com/qa/shrkh-azl-mayy-fy-qtr/,2026-03-24,2026-05-09,2597,8,2,لا,عالية,إعادة كتابة كاملة,قالب-إيموجي | slug-رومنة,قالب موحّد (8 عناوين H2 متطابقة + إيموجي كثيف + ~2600 كلمة). التشابه مع مقالات أخرى يتجاوز 90%؛ صور نسبية مكسورة (مثل roof-insulation-qatar.webp) لا تُرفع من مكتبة الوسائط؛ رابط slug رومنة سيئة (shrkh-...) وعنوان SEO فيه رقم هاتف وإيموجي؛ تاريخ ظاهر «مارس 2026» رغم أن اليوم سبتمبر 2026؛ وعد «معاينة مجانية» يتعارض مع رسالة الصفحة الرئيسية (عرض سعر مكتوب بعد المعاينة)
10327,شركة عزل مطابخ في قطر,shrkh-azl-mtabkh-fy-qtr,https://www.rukn-eltatawer.com/qa/shrkh-azl-mtabkh-fy-qtr/,2026-03-24,2026-05-09,2597,8,2,لا,عالية,إعادة كتابة كاملة,قالب-إيموجي | slug-رومنة,قالب موحّد (8 عناوين H2 متطابقة + إيموجي كثيف + ~2600 كلمة). التشابه مع مقالات أخرى يتجاوز 90%؛ صور نسبية مكسورة (مثل roof-insulation-qatar.webp) لا تُرفع من مكتبة الوسائط؛ رابط slug رومنة سيئة (shrkh-...) وعنوان SEO فيه رقم هاتف وإيموجي؛ تاريخ ظاهر «مارس 2026» رغم أن اليوم سبتمبر 2026؛ وعد «معاينة مجانية» يتعارض مع رسالة الصفحة الرئيسية (عرض سعر مكتوب بعد المعاينة)
10387,شركة غسيل مكيفات في قطر,shrkh-ghsyl-mkyfat-fy-qtr,https://www.rukn-eltatawer.com/qa/shrkh-ghsyl-mkyfat-fy-qtr/,2026-03-24,2026-03-24,2597,8,2,لا,عالية,إعادة كتابة كاملة,قالب-إيموجي | slug-رومنة,قالب موحّد (8 عناوين H2 متطابقة + إيموجي كثيف + ~2600 كلمة). التشابه مع مقالات أخرى يتجاوز 90%؛ صور نسبية مكسورة (مثل roof-insulation-qatar.webp) لا تُرفع من مكتبة الوسائط؛ رابط slug رومنة سيئة (shrkh-...) وعنوان SEO فيه رقم هاتف وإيموجي؛ تاريخ ظاهر «مارس 2026» رغم أن اليوم سبتمبر 2026؛ وعد «معاينة مجانية» يتعارض مع رسالة الصفحة الرئيسية (عرض سعر مكتوب بعد المعاينة)
10333,شركة فحص مباني في قطر,shrkh-fhs-mbany-fy-qtr,https://www.rukn-eltatawer.com/qa/shrkh-fhs-mbany-fy-qtr/,2026-03-24,2026-03-24,2598,8,2,لا,عالية,إعادة كتابة كاملة,قالب-إيموجي | slug-رومنة,قالب موحّد (8 عناوين H2 متطابقة + إيموجي كثيف + ~2600 كلمة). التشابه مع مقالات أخرى يتجاوز 90%؛ صور نسبية مكسورة (مثل roof-insulation-qatar.webp) لا تُرفع من مكتبة الوسائط؛ رابط slug رومنة سيئة (shrkh-...) وعنوان SEO فيه رقم هاتف وإيموجي؛ تاريخ ظاهر «مارس 2026» رغم أن اليوم سبتمبر 2026؛ وعد «معاينة مجانية» يتعارض مع رسالة الصفحة الرئيسية (عرض سعر مكتوب بعد المعاينة)
10446,شركة قص أشجار في قطر,shrkh-qs-ashjar-fy-qtr,https://www.rukn-eltatawer.com/qa/shrkh-qs-ashjar-fy-qtr/,2026-03-24,2026-03-24,2600,8,2,لا,عالية,إعادة كتابة كاملة,قالب-إيموجي | slug-رومنة,قالب موحّد (8 عناوين H2 متطابقة + إيموجي كثيف + ~2600 كلمة). التشابه مع مقالات أخرى يتجاوز 90%؛ صور نسبية مكسورة (مثل roof-insulation-qatar.webp) لا تُرفع من مكتبة الوسائط؛ رابط slug رومنة سيئة (shrkh-...) وعنوان SEO فيه رقم هاتف وإيموجي؛ تاريخ ظاهر «مارس 2026» رغم أن اليوم سبتمبر 2026؛ وعد «معاينة مجانية» يتعارض مع رسالة الصفحة الرئيسية (عرض سعر مكتوب بعد المعاينة)
10322,شركة كشف تسربات الغاز في قطر,shrkh-kshf-tsrbat-alghaz-fy-qtr,https://www.rukn-eltatawer.com/qa/shrkh-kshf-tsrbat-alghaz-fy-qtr/,2026-03-24,2026-03-24,2665,8,2,لا,عالية,إعادة كتابة كاملة,قالب-إيموجي | slug-رومنة,قالب موحّد (8 عناوين H2 متطابقة + إيموجي كثيف + ~2600 كلمة). التشابه مع مقالات أخرى يتجاوز 90%؛ صور نسبية مكسورة (مثل roof-insulation-qatar.webp) لا تُرفع من مكتبة الوسائط؛ رابط slug رومنة سيئة (shrkh-...) وعنوان SEO فيه رقم هاتف وإيموجي؛ تاريخ ظاهر «مارس 2026» رغم أن اليوم سبتمبر 2026؛ وعد «معاينة مجانية» يتعارض مع رسالة الصفحة الرئيسية (عرض سعر مكتوب بعد المعاينة)
10323,شركة كشف تسربات المسابح في قطر,shrkh-kshf-tsrbat-almsabh-fy-qtr,https://www.rukn-eltatawer.com/qa/shrkh-kshf-tsrbat-almsabh-fy-qtr/,2026-03-24,2026-03-24,2668,8,2,لا,عالية,إعادة كتابة كاملة,قالب-إيموجي | slug-رومنة,قالب موحّد (8 عناوين H2 متطابقة + إيموجي كثيف + ~2600 كلمة). التشابه مع مقالات أخرى يتجاوز 90%؛ صور نسبية مكسورة (مثل roof-insulation-qatar.webp) لا تُرفع من مكتبة الوسائط؛ رابط slug رومنة سيئة (shrkh-...) وعنوان SEO فيه رقم هاتف وإيموجي؛ تاريخ ظاهر «مارس 2026» رغم أن اليوم سبتمبر 2026؛ وعد «معاينة مجانية» يتعارض مع رسالة الصفحة الرئيسية (عرض سعر مكتوب بعد المعاينة)
10332,شركة معالجة الرطوبة في قطر,shrkh-maaljh-alrtwbh-fy-qtr,https://www.rukn-eltatawer.com/qa/shrkh-maaljh-alrtwbh-fy-qtr/,2026-03-24,2026-03-24,2601,8,2,لا,عالية,إعادة كتابة كاملة,قالب-إيموجي | slug-رومنة,قالب موحّد (8 عناوين H2 متطابقة + إيموجي كثيف + ~2600 كلمة). التشابه مع مقالات أخرى يتجاوز 90%؛ صور نسبية مكسورة (مثل roof-insulation-qatar.webp) لا تُرفع من مكتبة الوسائط؛ رابط slug رومنة سيئة (shrkh-...) وعنوان SEO فيه رقم هاتف وإيموجي؛ تاريخ ظاهر «مارس 2026» رغم أن اليوم سبتمبر 2026؛ وعد «معاينة مجانية» يتعارض مع رسالة الصفحة الرئيسية (عرض سعر مكتوب بعد المعاينة)
10409,شركة مقاولات عامة في قطر,shrkh-mqawlat-aamh-fy-qtr,https://www.rukn-eltatawer.com/qa/shrkh-mqawlat-aamh-fy-qtr/,2026-03-24,2026-03-24,2597,8,2,لا,عالية,إعادة كتابة كاملة,قالب-إيموجي | slug-رومنة,قالب موحّد (8 عناوين H2 متطابقة + إيموجي كثيف + ~2600 كلمة). التشابه مع مقالات أخرى يتجاوز 90%؛ صور نسبية مكسورة (مثل roof-insulation-qatar.webp) لا تُرفع من مكتبة الوسائط؛ رابط slug رومنة سيئة (shrkh-...) وعنوان SEO فيه رقم هاتف وإيموجي؛ تاريخ ظاهر «مارس 2026» رغم أن اليوم سبتمبر 2026؛ وعد «معاينة مجانية» يتعارض مع رسالة الصفحة الرئيسية (عرض سعر مكتوب بعد المعاينة)
10361,شركة مكافحة حشرات زراعية في قطر,shrkh-mkafhh-hshrat-zraayh-fy-qtr,https://www.rukn-eltatawer.com/qa/shrkh-mkafhh-hshrat-zraayh-fy-qtr/,2026-03-24,2026-03-24,2669,8,2,لا,عالية,إعادة كتابة كاملة,قالب-إيموجي | slug-رومنة,قالب موحّد (8 عناوين H2 متطابقة + إيموجي كثيف + ~2600 كلمة). التشابه مع مقالات أخرى يتجاوز 90%؛ صور نسبية مكسورة (مثل roof-insulation-qatar.webp) لا تُرفع من مكتبة الوسائط؛ رابط slug رومنة سيئة (shrkh-...) وعنوان SEO فيه رقم هاتف وإيموجي؛ تاريخ ظاهر «مارس 2026» رغم أن اليوم سبتمبر 2026؛ وعد «معاينة مجانية» يتعارض مع رسالة الصفحة الرئيسية (عرض سعر مكتوب بعد المعاينة)
10360,شركة مكافحة عقارب وثعابين في قطر,shrkh-mkafhh-aqarb-wthaabyn-fy-qtr,https://www.rukn-eltatawer.com/qa/shrkh-mkafhh-aqarb-wthaabyn-fy-qtr/,2026-03-24,2026-03-24,2667,8,2,لا,عالية,إعادة كتابة كاملة,قالب-إيموجي | slug-رومنة,قالب موحّد (8 عناوين H2 متطابقة + إيموجي كثيف + ~2600 كلمة). التشابه مع مقالات أخرى يتجاوز 90%؛ صور نسبية مكسورة (مثل roof-insulation-qatar.webp) لا تُرفع من مكتبة الوسائط؛ رابط slug رومنة سيئة (shrkh-...) وعنوان SEO فيه رقم هاتف وإيموجي؛ تاريخ ظاهر «مارس 2026» رغم أن اليوم سبتمبر 2026؛ وعد «معاينة مجانية» يتعارض مع رسالة الصفحة الرئيسية (عرض سعر مكتوب بعد المعاينة)
10358,شركة مكافحة فئران وقوارض في قطر,shrkh-mkafhh-fyran-wqward-fy-qtr,https://www.rukn-eltatawer.com/qa/shrkh-mkafhh-fyran-wqward-fy-qtr/,2026-03-24,2026-03-24,2665,8,2,لا,عالية,إعادة كتابة كاملة,قالب-إيموجي | slug-رومنة,قالب موحّد (8 عناوين H2 متطابقة + إيموجي كثيف + ~2600 كلمة). التشابه مع مقالات أخرى يتجاوز 90%؛ صور نسبية مكسورة (مثل roof-insulation-qatar.webp) لا تُرفع من مكتبة الوسائط؛ رابط slug رومنة سيئة (shrkh-...) وعنوان SEO فيه رقم هاتف وإيموجي؛ تاريخ ظاهر «مارس 2026» رغم أن اليوم سبتمبر 2026؛ وعد «معاينة مجانية» يتعارض مع رسالة الصفحة الرئيسية (عرض سعر مكتوب بعد المعاينة)
10418,شركة هدم مباني في قطر,shrkh-hdm-mbany-fy-qtr,https://www.rukn-eltatawer.com/qa/shrkh-hdm-mbany-fy-qtr/,2026-03-24,2026-03-24,2600,8,2,لا,عالية,إعادة كتابة كاملة,قالب-إيموجي | slug-رومنة,قالب موحّد (8 عناوين H2 متطابقة + إيموجي كثيف + ~2600 كلمة). التشابه مع مقالات أخرى يتجاوز 90%؛ صور نسبية مكسورة (مثل roof-insulation-qatar.webp) لا تُرفع من مكتبة الوسائط؛ رابط slug رومنة سيئة (shrkh-...) وعنوان SEO فيه رقم هاتف وإيموجي؛ تاريخ ظاهر «مارس 2026» رغم أن اليوم سبتمبر 2026؛ وعد «معاينة مجانية» يتعارض مع رسالة الصفحة الرئيسية (عرض سعر مكتوب بعد المعاينة)
10353,عاملات تنظيف بالساعة في قطر,aamlat-tnzyf-balsaah-fy-qtr,https://www.rukn-eltatawer.com/qa/aamlat-tnzyf-balsaah-fy-qtr/,2026-03-24,2026-03-24,2659,8,2,لا,عالية,إعادة كتابة كاملة,قالب-إيموجي | slug-رومنة,قالب موحّد (8 عناوين H2 متطابقة + إيموجي كثيف + ~2600 كلمة). التشابه مع مقالات أخرى يتجاوز 90%؛ صور نسبية مكسورة (مثل roof-insulation-qatar.webp) لا تُرفع من مكتبة الوسائط؛ رابط slug رومنة سيئة (shrkh-...) وعنوان SEO فيه رقم هاتف وإيموجي؛ تاريخ ظاهر «مارس 2026» رغم أن اليوم سبتمبر 2026؛ وعد «معاينة مجانية» يتعارض مع رسالة الصفحة الرئيسية (عرض سعر مكتوب بعد المعاينة)
10437,منجرة نجارة أثاث في قطر,mnjrh-njarh-athath-fy-qtr,https://www.rukn-eltatawer.com/qa/mnjrh-njarh-athath-fy-qtr/,2026-03-24,2026-03-24,2597,8,2,لا,عالية,إعادة كتابة كاملة,قالب-إيموجي,قالب موحّد (8 عناوين H2 متطابقة + إيموجي كثيف + ~2600 كلمة). التشابه مع مقالات أخرى يتجاوز 90%؛ صور نسبية مكسورة (مثل roof-insulation-qatar.webp) لا تُرفع من مكتبة الوسائط؛ رابط slug رومنة سيئة (shrkh-...) وعنوان SEO فيه رقم هاتف وإيموجي؛ تاريخ ظاهر «مارس 2026» رغم أن اليوم سبتمبر 2026؛ وعد «معاينة مجانية» يتعارض مع رسالة الصفحة الرئيسية (عرض سعر مكتوب بعد المعاينة)
10366,شركة تغليف أثاث في قطر,shrkh-tghlyf-athath-fy-qtr,https://www.rukn-eltatawer.com/qa/shrkh-tghlyf-athath-fy-qtr/,2026-03-24,2026-08-14,3911,16,0,نعم,عالية,استبدال أو دمج ثم إعادة كتابة,بدون-صور | slug-رومنة,مجموعة نقل/تغليف/فك أثاث: 5–6 صفحات تتصارع على نفس النية، والخدمة غير ظاهرة في قائمة خدمات الصفحة الرئيسية
10367,شركة فك وتركيب أثاث في قطر,shrkh-fk-wtrkyb-athath-fy-qtr,https://www.rukn-eltatawer.com/qa/shrkh-fk-wtrkyb-athath-fy-qtr/,2026-03-24,2026-08-14,3881,16,0,نعم,عالية,استبدال أو دمج ثم إعادة كتابة,بدون-صور | slug-رومنة,مجموعة نقل/تغليف/فك أثاث: 5–6 صفحات تتصارع على نفس النية، والخدمة غير ظاهرة في قائمة خدمات الصفحة الرئيسية
10300,شركة نقل أثاث خارجي في قطر,outdoor-furniture-moving-in-qatar,https://www.rukn-eltatawer.com/qa/outdoor-furniture-moving-in-qatar/,2026-03-18,2026-03-18,1709,8,0,نعم,عالية,استبدال أو دمج ثم إعادة كتابة,بدون-صور,مجموعة نقل/تغليف/فك أثاث: 5–6 صفحات تتصارع على نفس النية، والخدمة غير ظاهرة في قائمة خدمات الصفحة الرئيسية
10298,شركة نقل أثاث داخلي في قطر,interior-furniture-moving-in-qatar,https://www.rukn-eltatawer.com/qa/interior-furniture-moving-in-qatar/,2026-03-18,2026-03-18,1533,7,0,نعم,عالية,استبدال أو دمج ثم إعادة كتابة,بدون-صور,مجموعة نقل/تغليف/فك أثاث: 5–6 صفحات تتصارع على نفس النية، والخدمة غير ظاهرة في قائمة خدمات الصفحة الرئيسية
10365,شركة نقل أثاث في قطر,shrkh-nql-athath-fy-qtr,https://www.rukn-eltatawer.com/qa/shrkh-nql-athath-fy-qtr/,2026-03-24,2026-08-14,4025,16,0,نعم,عالية,استبدال أو دمج ثم إعادة كتابة,بدون-صور | slug-رومنة,مجموعة نقل/تغليف/فك أثاث: 5–6 صفحات تتصارع على نفس النية، والخدمة غير ظاهرة في قائمة خدمات الصفحة الرئيسية
10364,شركة نقل عفش في قطر,shrkh-nql-afsh-fy-qtr,https://www.rukn-eltatawer.com/qa/shrkh-nql-afsh-fy-qtr/,2026-03-24,2026-08-14,3802,20,0,نعم,عالية,استبدال أو دمج ثم إعادة كتابة,بدون-صور | slug-رومنة,مجموعة نقل/تغليف/فك أثاث: 5–6 صفحات تتصارع على نفس النية، والخدمة غير ظاهرة في قائمة خدمات الصفحة الرئيسية
10295,شركة نقل عفش مع التغليف في قطر,furniture-moving-with-packing-in-qatar,https://www.rukn-eltatawer.com/qa/furniture-moving-with-packing-in-qatar/,2026-03-18,2026-03-18,1583,7,0,نعم,عالية,استبدال أو دمج ثم إعادة كتابة,بدون-صور,مجموعة نقل/تغليف/فك أثاث: 5–6 صفحات تتصارع على نفس النية، والخدمة غير ظاهرة في قائمة خدمات الصفحة الرئيسية
