id,status,title,slug,url,word_count,date,modified,action,priority,reasons
12868,publish,AC maintenance in Doha and Qatar,ac-maintenance-qatar-en,https://www.rukn-eltatawer.com/qa/en/ac-maintenance-qatar-en/,129,2026-09-02,2026-09-09,استبدال المحتوى,حرجة,شورت كود غير مكتمل [post_features/steps/prices/services/call] | محتوى رفيع (129 كلمة) | نسخة إنجليزية ناقصة ومختلطة عربي/إنجليزي؛ ظاهرة على الصفحة الرئيسية كدليل
12867,publish,Roof insulation in Qatar,roof-insulation-qatar-en,https://www.rukn-eltatawer.com/qa/en/roof-insulation-qatar-en/,135,2026-09-02,2026-09-09,استبدال المحتوى,حرجة,شورت كود غير مكتمل [post_features/steps/prices/services/call] | محتوى رفيع (135 كلمة) | نسخة إنجليزية ناقصة ومختلطة عربي/إنجليزي؛ ظاهرة على الصفحة الرئيسية كدليل
12866,publish,Water leak detection in Qatar without breaking,water-leak-detection-qatar-en,https://www.rukn-eltatawer.com/qa/en/water-leak-detection-qatar-en/,130,2026-09-02,2026-09-09,استبدال المحتوى,حرجة,شورت كود غير مكتمل [post_features/steps/prices/services/call] | محتوى رفيع (130 كلمة) | نسخة إنجليزية ناقصة ومختلطة عربي/إنجليزي؛ ظاهرة على الصفحة الرئيسية كدليل
10439,publish,حدادة أبواب ونوافذ في قطر,hdadh-abwab-wnwafdh-fy-qtr,https://www.rukn-eltatawer.com/qa/hdadh-abwab-wnwafdh-fy-qtr/,354,2026-03-24,2026-09-09,إعادة كتابة كاملة,عالية,شورت كود غير مكتمل [post_features/steps/prices/services/call] | فقرة تحذير موحّدة عن التسربات لا تناسب موضوع المقال | قالب مكرر (نفس الهيكل في 135 مقالاً) | محتوى رفيع (354 كلمة)
10293,publish,سباك منازل في قطر,home-plumber-in-qatar,https://www.rukn-eltatawer.com/qa/home-plumber-in-qatar/,379,2026-03-18,2026-09-09,إعادة كتابة كاملة,عالية,شورت كود غير مكتمل [post_features/steps/prices/services/call] | فقرة تحذير موحّدة عن التسربات لا تناسب موضوع المقال | قالب مكرر (نفس الهيكل في 135 مقالاً) | محتوى رفيع (379 كلمة)
10370,publish,شراء أثاث مستعمل في قطر,shra-athath-mstaml-fy-qtr,https://www.rukn-eltatawer.com/qa/shra-athath-mstaml-fy-qtr/,448,2026-09-15,2026-09-15,استبدال أو إلغاء نشر,متوسطة,محتوى رفيع (448 كلمة) | موضوع شراء مستعمل/تخزين/سكراب يشتت هوية خدمات المنزل
10372,publish,شراء أجهزة كهربائية مستعملة في قطر,shra-ajhzh-khrbayyh-mstamlh-fy-qtr,https://www.rukn-eltatawer.com/qa/shra-ajhzh-khrbayyh-mstamlh-fy-qtr/,404,2026-09-15,2026-09-15,استبدال أو إلغاء نشر,متوسطة,محتوى رفيع (404 كلمة) | موضوع شراء مستعمل/تخزين/سكراب يشتت هوية خدمات المنزل
10373,publish,شراء سكراب في قطر,shra-skrab-fy-qtr,https://www.rukn-eltatawer.com/qa/shra-skrab-fy-qtr/,428,2026-09-15,2026-09-15,استبدال أو إلغاء نشر,متوسطة,محتوى رفيع (428 كلمة) | موضوع شراء مستعمل/تخزين/سكراب يشتت هوية خدمات المنزل
10374,publish,شراء معدات مطاعم مستعملة في قطر,shra-madat-mtaam-mstamlh-fy-qtr,https://www.rukn-eltatawer.com/qa/shra-madat-mtaam-mstamlh-fy-qtr/,440,2026-09-15,2026-09-15,استبدال أو إلغاء نشر,متوسطة,محتوى رفيع (440 كلمة) | موضوع شراء مستعمل/تخزين/سكراب يشتت هوية خدمات المنزل
10371,publish,شراء مكيفات مستعملة في قطر,shra-mkyfat-mstamlh-fy-qtr,https://www.rukn-eltatawer.com/qa/shra-mkyfat-mstamlh-fy-qtr/,438,2026-09-15,2026-09-15,استبدال أو إلغاء نشر,متوسطة,محتوى رفيع (438 كلمة) | موضوع شراء مستعمل/تخزين/سكراب يشتت هوية خدمات المنزل
10451,publish,شركة إنشاء مسابح في قطر,shrkh-ansha-msabh-fy-qtr,https://www.rukn-eltatawer.com/qa/shrkh-ansha-msabh-fy-qtr/,382,2026-03-24,2026-09-09,إعادة كتابة كاملة,عالية,شورت كود غير مكتمل [post_features/steps/prices/services/call] | فقرة تحذير موحّدة عن التسربات لا تناسب موضوع المقال | قالب مكرر (نفس الهيكل في 135 مقالاً) | محتوى رفيع (382 كلمة)
10412,publish,شركة بناء استراحات في قطر,shrkh-bna-astrahat-fy-qtr,https://www.rukn-eltatawer.com/qa/shrkh-bna-astrahat-fy-qtr/,374,2026-03-24,2026-09-09,إعادة كتابة كاملة,عالية,شورت كود غير مكتمل [post_features/steps/prices/services/call] | فقرة تحذير موحّدة عن التسربات لا تناسب موضوع المقال | قالب مكرر (نفس الهيكل في 135 مقالاً) | محتوى رفيع (374 كلمة)
10411,publish,شركة بناء مجالس في قطر,shrkh-bna-mjals-fy-qtr,https://www.rukn-eltatawer.com/qa/shrkh-bna-mjals-fy-qtr/,374,2026-03-24,2026-09-09,إعادة كتابة كاملة,عالية,شورت كود غير مكتمل [post_features/steps/prices/services/call] | فقرة تحذير موحّدة عن التسربات لا تناسب موضوع المقال | قالب مكرر (نفس الهيكل في 135 مقالاً) | محتوى رفيع (374 كلمة)
10410,publish,شركة بناء ملاحق في قطر,shrkh-bna-mlahq-fy-qtr,https://www.rukn-eltatawer.com/qa/shrkh-bna-mlahq-fy-qtr/,374,2026-03-24,2026-09-09,إعادة كتابة كاملة,عالية,شورت كود غير مكتمل [post_features/steps/prices/services/call] | فقرة تحذير موحّدة عن التسربات لا تناسب موضوع المقال | قالب مكرر (نفس الهيكل في 135 مقالاً) | محتوى رفيع (374 كلمة)
10376,publish,شركة تأسيس سباكة في قطر,shrkh-tasys-sbakh-fy-qtr,https://www.rukn-eltatawer.com/qa/shrkh-tasys-sbakh-fy-qtr/,388,2026-03-24,2026-09-09,إعادة كتابة كاملة,عالية,شورت كود غير مكتمل [post_features/steps/prices/services/call] | فقرة تحذير موحّدة عن التسربات لا تناسب موضوع المقال | قالب مكرر (نفس الهيكل في 135 مقالاً) | محتوى رفيع (388 كلمة)
10399,publish,شركة تأسيس كهرباء في قطر,shrkh-tasys-khrba-fy-qtr,https://www.rukn-eltatawer.com/qa/shrkh-tasys-khrba-fy-qtr/,377,2026-03-24,2026-09-09,إعادة كتابة كاملة,عالية,شورت كود غير مكتمل [post_features/steps/prices/services/call] | فقرة تحذير موحّدة عن التسربات لا تناسب موضوع المقال | قالب مكرر (نفس الهيكل في 135 مقالاً) | محتوى رفيع (377 كلمة)
10368,publish,شركة تخزين أثاث في قطر,shrkh-tkhzyn-athath-fy-qtr,https://www.rukn-eltatawer.com/qa/shrkh-tkhzyn-athath-fy-qtr/,409,2026-09-16,2026-09-16,استبدال أو إلغاء نشر,متوسطة,محتوى رفيع (409 كلمة) | موضوع شراء مستعمل/تخزين/سكراب يشتت هوية خدمات المنزل
10369,publish,شركة تخزين بضائع في قطر,shrkh-tkhzyn-bdaya-fy-qtr,https://www.rukn-eltatawer.com/qa/shrkh-tkhzyn-bdaya-fy-qtr/,394,2026-09-15,2026-09-15,استبدال أو إلغاء نشر,متوسطة,محتوى رفيع (394 كلمة) | موضوع شراء مستعمل/تخزين/سكراب يشتت هوية خدمات المنزل
10404,publish,شركة تركيب أجهزة إنذار حريق في قطر,shrkh-trkyb-ajhzh-andhar-hryq-fy-qtr,https://www.rukn-eltatawer.com/qa/shrkh-trkyb-ajhzh-andhar-hryq-fy-qtr/,370,2026-03-24,2026-09-09,إعادة كتابة كاملة,عالية,شورت كود غير مكتمل [post_features/steps/prices/services/call] | فقرة تحذير موحّدة عن التسربات لا تناسب موضوع المقال | قالب مكرر (نفس الهيكل في 135 مقالاً) | محتوى رفيع (370 كلمة)
10429,publish,شركة تركيب أرضيات إيبوكسي في قطر,shrkh-trkyb-ardyat-aybwksy-fy-qtr,https://www.rukn-eltatawer.com/qa/shrkh-trkyb-ardyat-aybwksy-fy-qtr/,382,2026-03-24,2026-09-09,إعادة كتابة كاملة,عالية,شورت كود غير مكتمل [post_features/steps/prices/services/call] | فقرة تحذير موحّدة عن التسربات لا تناسب موضوع المقال | قالب مكرر (نفس الهيكل في 135 مقالاً) | محتوى رفيع (382 كلمة)
10424,publish,شركة تركيب أسقف مستعارة في قطر,shrkh-trkyb-asqf-mstaarh-fy-qtr,https://www.rukn-eltatawer.com/qa/shrkh-trkyb-asqf-mstaarh-fy-qtr/,387,2026-03-24,2026-09-09,إعادة كتابة كاملة,عالية,شورت كود غير مكتمل [post_features/steps/prices/services/call] | فقرة تحذير موحّدة عن التسربات لا تناسب موضوع المقال | قالب مكرر (نفس الهيكل في 135 مقالاً) | محتوى رفيع (387 كلمة)
10435,publish,شركة تركيب ألومنيوم في قطر,shrkh-trkyb-alwmnywm-fy-qtr,https://www.rukn-eltatawer.com/qa/shrkh-trkyb-alwmnywm-fy-qtr/,346,2026-03-24,2026-09-09,إعادة كتابة كاملة,عالية,شورت كود غير مكتمل [post_features/steps/prices/services/call] | فقرة تحذير موحّدة عن التسربات لا تناسب موضوع المقال | قالب مكرر (نفس الهيكل في 135 مقالاً) | محتوى رفيع (346 كلمة)
10400,publish,شركة تركيب أنظمة ذكية في قطر,shrkh-trkyb-anzmh-dhkyh-fy-qtr,https://www.rukn-eltatawer.com/qa/shrkh-trkyb-anzmh-dhkyh-fy-qtr/,386,2026-03-24,2026-09-09,إعادة كتابة كاملة,عالية,شورت كود غير مكتمل [post_features/steps/prices/services/call] | فقرة تحذير موحّدة عن التسربات لا تناسب موضوع المقال | قالب مكرر (نفس الهيكل في 135 مقالاً) | محتوى رفيع (386 كلمة)
10403,publish,شركة تركيب انتركم في قطر,shrkh-trkyb-antrkm-fy-qtr,https://www.rukn-eltatawer.com/qa/shrkh-trkyb-antrkm-fy-qtr/,377,2026-03-24,2026-09-09,إعادة كتابة كاملة,عالية,شورت كود غير مكتمل [post_features/steps/prices/services/call] | فقرة تحذير موحّدة عن التسربات لا تناسب موضوع المقال | قالب مكرر (نفس الهيكل في 135 مقالاً) | محتوى رفيع (377 كلمة)
10427,publish,شركة تركيب انترلوك في قطر,shrkh-trkyb-antrlwk-fy-qtr,https://www.rukn-eltatawer.com/qa/shrkh-trkyb-antrlwk-fy-qtr/,373,2026-03-24,2026-09-09,إعادة كتابة كاملة,عالية,شورت كود غير مكتمل [post_features/steps/prices/services/call] | فقرة تحذير موحّدة عن التسربات لا تناسب موضوع المقال | قالب مكرر (نفس الهيكل في 135 مقالاً) | محتوى رفيع (373 كلمة)
10430,publish,شركة تركيب باركيه في قطر,shrkh-trkyb-barkyh-fy-qtr,https://www.rukn-eltatawer.com/qa/shrkh-trkyb-barkyh-fy-qtr/,373,2026-03-24,2026-09-09,إعادة كتابة كاملة,عالية,شورت كود غير مكتمل [post_features/steps/prices/services/call] | فقرة تحذير موحّدة عن التسربات لا تناسب موضوع المقال | قالب مكرر (نفس الهيكل في 135 مقالاً) | محتوى رفيع (373 كلمة)
10431,publish,شركة تركيب بديل خشب في قطر,shrkh-trkyb-bdyl-khshb-fy-qtr,https://www.rukn-eltatawer.com/qa/shrkh-trkyb-bdyl-khshb-fy-qtr/,364,2026-03-24,2026-09-09,إعادة كتابة كاملة,عالية,شورت كود غير مكتمل [post_features/steps/prices/services/call] | فقرة تحذير موحّدة عن التسربات لا تناسب موضوع المقال | قالب مكرر (نفس الهيكل في 135 مقالاً) | محتوى رفيع (364 كلمة)
10432,publish,شركة تركيب بديل رخام في قطر,shrkh-trkyb-bdyl-rkham-fy-qtr,https://www.rukn-eltatawer.com/qa/shrkh-trkyb-bdyl-rkham-fy-qtr/,382,2026-03-24,2026-09-09,إعادة كتابة كاملة,عالية,شورت كود غير مكتمل [post_features/steps/prices/services/call] | فقرة تحذير موحّدة عن التسربات لا تناسب موضوع المقال | قالب مكرر (نفس الهيكل في 135 مقالاً) | محتوى رفيع (382 كلمة)
10455,publish,شركة تركيب برجولات خشبية في قطر,shrkh-trkyb-brjwlat-khshbyh-fy-qtr,https://www.rukn-eltatawer.com/qa/shrkh-trkyb-brjwlat-khshbyh-fy-qtr/,361,2026-03-24,2026-09-09,إعادة كتابة كاملة,عالية,شورت كود غير مكتمل [post_features/steps/prices/services/call] | فقرة تحذير موحّدة عن التسربات لا تناسب موضوع المقال | قالب مكرر (نفس الهيكل في 135 مقالاً) | محتوى رفيع (361 كلمة)
10423,publish,شركة تركيب جبس بورد في قطر,shrkh-trkyb-jbs-bwrd-fy-qtr,https://www.rukn-eltatawer.com/qa/shrkh-trkyb-jbs-bwrd-fy-qtr/,387,2026-03-24,2026-09-09,إعادة كتابة كاملة,عالية,شورت كود غير مكتمل [post_features/steps/prices/services/call] | فقرة تحذير موحّدة عن التسربات لا تناسب موضوع المقال | قالب مكرر (نفس الهيكل في 135 مقالاً) | محتوى رفيع (387 كلمة)
10456,publish,شركة تركيب جلسات خارجية في قطر,shrkh-trkyb-jlsat-kharjyh-fy-qtr,https://www.rukn-eltatawer.com/qa/shrkh-trkyb-jlsat-kharjyh-fy-qtr/,361,2026-03-24,2026-09-09,إعادة كتابة كاملة,عالية,شورت كود غير مكتمل [post_features/steps/prices/services/call] | فقرة تحذير موحّدة عن التسربات لا تناسب موضوع المقال | قالب مكرر (نفس الهيكل في 135 مقالاً) | محتوى رفيع (361 كلمة)
10426,publish,شركة تركيب رخام وجرانيت في قطر,shrkh-trkyb-rkham-wjranyt-fy-qtr,https://www.rukn-eltatawer.com/qa/shrkh-trkyb-rkham-wjranyt-fy-qtr/,382,2026-03-24,2026-09-09,إعادة كتابة كاملة,عالية,شورت كود غير مكتمل [post_features/steps/prices/services/call] | فقرة تحذير موحّدة عن التسربات لا تناسب موضوع المقال | قالب مكرر (نفس الهيكل في 135 مقالاً) | محتوى رفيع (382 كلمة)
10434,publish,شركة تركيب زجاج سيكوريت في قطر,shrkh-trkyb-zjaj-sykwryt-fy-qtr,https://www.rukn-eltatawer.com/qa/shrkh-trkyb-zjaj-sykwryt-fy-qtr/,357,2026-03-24,2026-09-09,إعادة كتابة كاملة,عالية,شورت كود غير مكتمل [post_features/steps/prices/services/call] | فقرة تحذير موحّدة عن التسربات لا تناسب موضوع المقال | قالب مكرر (نفس الهيكل في 135 مقالاً) | محتوى رفيع (357 كلمة)
10405,publish,شركة تركيب ستالايت في قطر,shrkh-trkyb-stalayt-fy-qtr,https://www.rukn-eltatawer.com/qa/shrkh-trkyb-stalayt-fy-qtr/,377,2026-03-24,2026-09-09,إعادة كتابة كاملة,عالية,شورت كود غير مكتمل [post_features/steps/prices/services/call] | فقرة تحذير موحّدة عن التسربات لا تناسب موضوع المقال | قالب مكرر (نفس الهيكل في 135 مقالاً) | محتوى رفيع (377 كلمة)
10454,publish,شركة تركيب سواتر في قطر,shrkh-trkyb-swatr-fy-qtr,https://www.rukn-eltatawer.com/qa/shrkh-trkyb-swatr-fy-qtr/,352,2026-03-24,2026-09-09,إعادة كتابة كاملة,عالية,شورت كود غير مكتمل [post_features/steps/prices/services/call] | فقرة تحذير موحّدة عن التسربات لا تناسب موضوع المقال | قالب مكرر (نفس الهيكل في 135 مقالاً) | محتوى رفيع (352 كلمة)
10425,publish,شركة تركيب سيراميك وبورسلين في قطر,shrkh-trkyb-syramyk-wbwrslyn-fy-qtr,https://www.rukn-eltatawer.com/qa/shrkh-trkyb-syramyk-wbwrslyn-fy-qtr/,382,2026-03-24,2026-09-09,إعادة كتابة كاملة,عالية,شورت كود غير مكتمل [post_features/steps/prices/services/call] | فقرة تحذير موحّدة عن التسربات لا تناسب موضوع المقال | قالب مكرر (نفس الهيكل في 135 مقالاً) | محتوى رفيع (382 كلمة)
10363,publish,شركة تركيب شبك طيور في قطر,shrkh-trkyb-shbk-tywr-fy-qtr,https://www.rukn-eltatawer.com/qa/shrkh-trkyb-shbk-tywr-fy-qtr/,355,2026-03-24,2026-09-09,إعادة كتابة كاملة,عالية,شورت كود غير مكتمل [post_features/steps/prices/services/call] | فقرة تحذير موحّدة عن التسربات لا تناسب موضوع المقال | قالب مكرر (نفس الهيكل في 135 مقالاً) | محتوى رفيع (355 كلمة)
10448,publish,شركة تركيب شبكات ري في قطر,shrkh-trkyb-shbkat-ry-fy-qtr,https://www.rukn-eltatawer.com/qa/shrkh-trkyb-shbkat-ry-fy-qtr/,391,2026-03-24,2026-09-09,إعادة كتابة كاملة,عالية,شورت كود غير مكتمل [post_features/steps/prices/services/call] | فقرة تحذير موحّدة عن التسربات لا تناسب موضوع المقال | قالب مكرر (نفس الهيكل في 135 مقالاً) | محتوى رفيع (391 كلمة)
10362,publish,شركة تركيب طارد حمام في قطر,shrkh-trkyb-tard-hmam-fy-qtr,https://www.rukn-eltatawer.com/qa/shrkh-trkyb-tard-hmam-fy-qtr/,355,2026-03-24,2026-09-09,إعادة كتابة كاملة,عالية,شورت كود غير مكتمل [post_features/steps/prices/services/call] | فقرة تحذير موحّدة عن التسربات لا تناسب موضوع المقال | قالب مكرر (نفس الهيكل في 135 مقالاً) | محتوى رفيع (355 كلمة)
10406,publish,شركة تركيب طاقة شمسية في قطر,shrkh-trkyb-taqh-shmsyh-fy-qtr,https://www.rukn-eltatawer.com/qa/shrkh-trkyb-taqh-shmsyh-fy-qtr/,354,2026-03-24,2026-09-09,إعادة كتابة كاملة,عالية,شورت كود غير مكتمل [post_features/steps/prices/services/call] | فقرة تحذير موحّدة عن التسربات لا تناسب موضوع المقال | قالب مكرر (نفس الهيكل في 135 مقالاً) | محتوى رفيع (354 كلمة)
10444,publish,شركة تركيب عشب صناعي في قطر,shrkh-trkyb-ashb-snaay-fy-qtr,https://www.rukn-eltatawer.com/qa/shrkh-trkyb-ashb-snaay-fy-qtr/,391,2026-03-24,2026-09-09,إعادة كتابة كاملة,عالية,شورت كود غير مكتمل [post_features/steps/prices/services/call] | فقرة تحذير موحّدة عن التسربات لا تناسب موضوع المقال | قالب مكرر (نفس الهيكل في 135 مقالاً) | محتوى رفيع (391 كلمة)
10382,publish,شركة تركيب فلاتر مياه في قطر,shrkh-trkyb-flatr-myah-fy-qtr,https://www.rukn-eltatawer.com/qa/shrkh-trkyb-flatr-myah-fy-qtr/,397,2026-03-24,2026-09-09,إعادة كتابة كاملة,عالية,شورت كود غير مكتمل [post_features/steps/prices/services/call] | فقرة تحذير موحّدة عن التسربات لا تناسب موضوع المقال | قالب مكرر (نفس الهيكل في 135 مقالاً) | محتوى رفيع (397 كلمة)
10433,publish,شركة تركيب فوم جدران في قطر,shrkh-trkyb-fwm-jdran-fy-qtr,https://www.rukn-eltatawer.com/qa/shrkh-trkyb-fwm-jdran-fy-qtr/,437,2026-03-24,2026-09-09,إعادة كتابة كاملة,عالية,شورت كود غير مكتمل [post_features/steps/prices/services/call] | فقرة تحذير موحّدة عن التسربات لا تناسب موضوع المقال | قالب مكرر (نفس الهيكل في 135 مقالاً) | محتوى رفيع (437 كلمة)
10401,publish,شركة تركيب كاميرات مراقبة في قطر,shrkh-trkyb-kamyrat-mraqbh-fy-qtr,https://www.rukn-eltatawer.com/qa/shrkh-trkyb-kamyrat-mraqbh-fy-qtr/,386,2026-03-24,2026-09-09,إعادة كتابة كاملة,عالية,شورت كود غير مكتمل [post_features/steps/prices/services/call] | فقرة تحذير موحّدة عن التسربات لا تناسب موضوع المقال | قالب مكرر (نفس الهيكل في 135 مقالاً) | محتوى رفيع (386 كلمة)
10428,publish,شركة تركيب كربستون في قطر,shrkh-trkyb-krbstwn-fy-qtr,https://www.rukn-eltatawer.com/qa/shrkh-trkyb-krbstwn-fy-qtr/,373,2026-03-24,2026-09-09,إعادة كتابة كاملة,عالية,شورت كود غير مكتمل [post_features/steps/prices/services/call] | فقرة تحذير موحّدة عن التسربات لا تناسب موضوع المقال | قالب مكرر (نفس الهيكل في 135 مقالاً) | محتوى رفيع (373 كلمة)
10383,publish,شركة تركيب محطات تحلية في قطر,shrkh-trkyb-mhtat-thlyh-fy-qtr,https://www.rukn-eltatawer.com/qa/shrkh-trkyb-mhtat-thlyh-fy-qtr/,397,2026-03-24,2026-09-09,إعادة كتابة كاملة,عالية,شورت كود غير مكتمل [post_features/steps/prices/services/call] | فقرة تحذير موحّدة عن التسربات لا تناسب موضوع المقال | قالب مكرر (نفس الهيكل في 135 مقالاً) | محتوى رفيع (397 كلمة)
10380,publish,شركة تركيب مضخات مياه في قطر,shrkh-trkyb-mdkhat-myah-fy-qtr,https://www.rukn-eltatawer.com/qa/shrkh-trkyb-mdkhat-myah-fy-qtr/,397,2026-03-24,2026-09-09,إعادة كتابة كاملة,عالية,شورت كود غير مكتمل [post_features/steps/prices/services/call] | فقرة تحذير موحّدة عن التسربات لا تناسب موضوع المقال | قالب مكرر (نفس الهيكل في 135 مقالاً) | محتوى رفيع (397 كلمة)
10453,publish,شركة تركيب مظلات سيارات في قطر,shrkh-trkyb-mzlat-syarat-fy-qtr,https://www.rukn-eltatawer.com/qa/shrkh-trkyb-mzlat-syarat-fy-qtr/,361,2026-03-24,2026-09-09,إعادة كتابة كاملة,عالية,شورت كود غير مكتمل [post_features/steps/prices/services/call] | فقرة تحذير موحّدة عن التسربات لا تناسب موضوع المقال | قالب مكرر (نفس الهيكل في 135 مقالاً) | محتوى رفيع (361 كلمة)
10422,publish,شركة تركيب ورق جدران في قطر,shrkh-trkyb-wrq-jdran-fy-qtr,https://www.rukn-eltatawer.com/qa/shrkh-trkyb-wrq-jdran-fy-qtr/,387,2026-03-24,2026-09-09,إعادة كتابة كاملة,عالية,شورت كود غير مكتمل [post_features/steps/prices/services/call] | فقرة تحذير موحّدة عن التسربات لا تناسب موضوع المقال | قالب مكرر (نفس الهيكل في 135 مقالاً) | محتوى رفيع (387 كلمة)
10414,publish,شركة ترميم حمامات في قطر,shrkh-trmym-hmamat-fy-qtr,https://www.rukn-eltatawer.com/qa/shrkh-trmym-hmamat-fy-qtr/,366,2026-03-24,2026-09-09,إعادة كتابة كاملة,عالية,شورت كود غير مكتمل [post_features/steps/prices/services/call] | فقرة تحذير موحّدة عن التسربات لا تناسب موضوع المقال | قالب مكرر (نفس الهيكل في 135 مقالاً) | محتوى رفيع (366 كلمة)
10415,publish,شركة ترميم مطابخ في قطر,shrkh-trmym-mtabkh-fy-qtr,https://www.rukn-eltatawer.com/qa/shrkh-trmym-mtabkh-fy-qtr/,366,2026-03-24,2026-09-09,إعادة كتابة كاملة,عالية,شورت كود غير مكتمل [post_features/steps/prices/services/call] | فقرة تحذير موحّدة عن التسربات لا تناسب موضوع المقال | قالب مكرر (نفس الهيكل في 135 مقالاً) | محتوى رفيع (366 كلمة)
10413,publish,شركة ترميم منازل في قطر,shrkh-trmym-mnazl-fy-qtr,https://www.rukn-eltatawer.com/qa/shrkh-trmym-mnazl-fy-qtr/,356,2026-03-24,2026-09-09,إعادة كتابة كاملة,عالية,شورت كود غير مكتمل [post_features/steps/prices/services/call] | فقرة تحذير موحّدة عن التسربات لا تناسب موضوع المقال | قالب مكرر (نفس الهيكل في 135 مقالاً) | محتوى رفيع (356 كلمة)
3182,publish,شركة تسليك مجاري في الدوحة,sewerage-company-in-doha,https://www.rukn-eltatawer.com/qa/sewerage-company-in-doha/,387,2026-03-14,2026-09-09,دمج وإعادة توجيه,عالية,شورت كود غير مكتمل [post_features/steps/prices/services/call] | فقرة تحذير موحّدة عن التسربات لا تناسب موضوع المقال | قالب مكرر (نفس الهيكل في 135 مقالاً) | محتوى رفيع (387 كلمة) | duplicate of shrkh-tslyk-mjary-fy-qtr
10377,publish,شركة تسليك مجاري في قطر,shrkh-tslyk-mjary-fy-qtr,https://www.rukn-eltatawer.com/qa/shrkh-tslyk-mjary-fy-qtr/,387,2026-03-24,2026-09-09,دمج وإعادة توجيه,عالية,شورت كود غير مكتمل [post_features/steps/prices/services/call] | فقرة تحذير موحّدة عن التسربات لا تناسب موضوع المقال | قالب مكرر (نفس الهيكل في 135 مقالاً) | محتوى رفيع (387 كلمة) | duplicate of sewerage-company-in-doha
10417,publish,شركة تشطيب شقق في قطر,shrkh-tshtyb-shqq-fy-qtr,https://www.rukn-eltatawer.com/qa/shrkh-tshtyb-shqq-fy-qtr/,374,2026-03-24,2026-09-09,إعادة كتابة كاملة,عالية,شورت كود غير مكتمل [post_features/steps/prices/services/call] | فقرة تحذير موحّدة عن التسربات لا تناسب موضوع المقال | قالب مكرر (نفس الهيكل في 135 مقالاً) | محتوى رفيع (374 كلمة)
10416,publish,شركة تشطيب فلل في قطر,shrkh-tshtyb-fll-fy-qtr,https://www.rukn-eltatawer.com/qa/shrkh-tshtyb-fll-fy-qtr/,374,2026-03-24,2026-09-09,إعادة كتابة كاملة,عالية,شورت كود غير مكتمل [post_features/steps/prices/services/call] | فقرة تحذير موحّدة عن التسربات لا تناسب موضوع المقال | قالب مكرر (نفس الهيكل في 135 مقالاً) | محتوى رفيع (374 كلمة)
10443,publish,شركة تصميم حدائق في قطر,shrkh-tsmym-hdayq-fy-qtr,https://www.rukn-eltatawer.com/qa/shrkh-tsmym-hdayq-fy-qtr/,382,2026-03-24,2026-09-09,إعادة كتابة كاملة,عالية,شورت كود غير مكتمل [post_features/steps/prices/services/call] | فقرة تحذير موحّدة عن التسربات لا تناسب موضوع المقال | قالب مكرر (نفس الهيكل في 135 مقالاً) | محتوى رفيع (382 كلمة)
10449,publish,شركة تصميم شلالات في قطر,shrkh-tsmym-shlalat-fy-qtr,https://www.rukn-eltatawer.com/qa/shrkh-tsmym-shlalat-fy-qtr/,382,2026-03-24,2026-09-09,إعادة كتابة كاملة,عالية,شورت كود غير مكتمل [post_features/steps/prices/services/call] | فقرة تحذير موحّدة عن التسربات لا تناسب موضوع المقال | قالب مكرر (نفس الهيكل في 135 مقالاً) | محتوى رفيع (382 كلمة)
10450,publish,شركة تصميم نوافير في قطر,shrkh-tsmym-nwafyr-fy-qtr,https://www.rukn-eltatawer.com/qa/shrkh-tsmym-nwafyr-fy-qtr/,382,2026-03-24,2026-09-09,إعادة كتابة كاملة,عالية,شورت كود غير مكتمل [post_features/steps/prices/services/call] | فقرة تحذير موحّدة عن التسربات لا تناسب موضوع المقال | قالب مكرر (نفس الهيكل في 135 مقالاً) | محتوى رفيع (382 كلمة)
10388,publish,شركة تعبئة غاز مكيفات في قطر,shrkh-tabyh-ghaz-mkyfat-fy-qtr,https://www.rukn-eltatawer.com/qa/shrkh-tabyh-ghaz-mkyfat-fy-qtr/,405,2026-03-24,2026-09-09,إعادة كتابة كاملة,عالية,شورت كود غير مكتمل [post_features/steps/prices/services/call] | فقرة تحذير موحّدة عن التسربات لا تناسب موضوع المقال | قالب مكرر (نفس الهيكل في 135 مقالاً) | محتوى رفيع (405 كلمة)
10354,publish,شركة تعقيم منازل في قطر,shrkh-taqym-mnazl-fy-qtr,https://www.rukn-eltatawer.com/qa/shrkh-taqym-mnazl-fy-qtr/,352,2026-03-24,2026-09-09,إعادة كتابة كاملة,عالية,شورت كود غير مكتمل [post_features/steps/prices/services/call] | فقرة تحذير موحّدة عن التسربات لا تناسب موضوع المقال | قالب مكرر (نفس الهيكل في 135 مقالاً) | محتوى رفيع (352 كلمة)
10366,publish,شركة تغليف أثاث في قطر,shrkh-tghlyf-athath-fy-qtr,https://www.rukn-eltatawer.com/qa/shrkh-tghlyf-athath-fy-qtr/,357,2026-03-24,2026-09-09,إعادة كتابة كاملة,عالية,شورت كود غير مكتمل [post_features/steps/prices/services/call] | فقرة تحذير موحّدة عن التسربات لا تناسب موضوع المقال | قالب مكرر (نفس الهيكل في 135 مقالاً) | محتوى رفيع (357 كلمة)
10436,publish,شركة تفصيل مطابخ في قطر,shrkh-tfsyl-mtabkh-fy-qtr,https://www.rukn-eltatawer.com/qa/shrkh-tfsyl-mtabkh-fy-qtr/,366,2026-03-24,2026-09-09,إعادة كتابة كاملة,عالية,شورت كود غير مكتمل [post_features/steps/prices/services/call] | فقرة تحذير موحّدة عن التسربات لا تناسب موضوع المقال | قالب مكرر (نفس الهيكل في 135 مقالاً) | محتوى رفيع (366 كلمة)
10447,publish,شركة تكريب نخيل في قطر,shrkh-tkryb-nkhyl-fy-qtr,https://www.rukn-eltatawer.com/qa/shrkh-tkryb-nkhyl-fy-qtr/,382,2026-03-24,2026-09-09,إعادة كتابة كاملة,عالية,شورت كود غير مكتمل [post_features/steps/prices/services/call] | فقرة تحذير موحّدة عن التسربات لا تناسب موضوع المقال | قالب مكرر (نفس الهيكل في 135 مقالاً) | محتوى رفيع (382 كلمة)
10352,publish,شركة تلميع سيراميك في قطر,shrkh-tlmya-syramyk-fy-qtr,https://www.rukn-eltatawer.com/qa/shrkh-tlmya-syramyk-fy-qtr/,378,2026-03-24,2026-09-09,إعادة كتابة كاملة,عالية,شورت كود غير مكتمل [post_features/steps/prices/services/call] | فقرة تحذير موحّدة عن التسربات لا تناسب موضوع المقال | قالب مكرر (نفس الهيكل في 135 مقالاً) | محتوى رفيع (378 كلمة)
10442,publish,شركة تنسيق حدائق في قطر,shrkh-tnsyq-hdayq-fy-qtr,https://www.rukn-eltatawer.com/qa/shrkh-tnsyq-hdayq-fy-qtr/,382,2026-03-24,2026-09-09,إعادة كتابة كاملة,عالية,شورت كود غير مكتمل [post_features/steps/prices/services/call] | فقرة تحذير موحّدة عن التسربات لا تناسب موضوع المقال | قالب مكرر (نفس الهيكل في 135 مقالاً) | محتوى رفيع (382 كلمة)
10350,publish,شركة تنظيف بعد التشطيب في قطر,shrkh-tnzyf-bad-altshtyb-fy-qtr,https://www.rukn-eltatawer.com/qa/shrkh-tnzyf-bad-altshtyb-fy-qtr/,387,2026-03-24,2026-09-09,إعادة كتابة كاملة,عالية,شورت كود غير مكتمل [post_features/steps/prices/services/call] | فقرة تحذير موحّدة عن التسربات لا تناسب موضوع المقال | قالب مكرر (نفس الهيكل في 135 مقالاً) | محتوى رفيع (387 كلمة)
10304,publish,شركة تنظيف خزانات مياه في قطر,water-tank-cleaning-in-qatar,https://www.rukn-eltatawer.com/qa/water-tank-cleaning-in-qatar/,372,2026-03-18,2026-09-09,إعادة كتابة كاملة,عالية,شورت كود غير مكتمل [post_features/steps/prices/services/call] | فقرة تحذير موحّدة عن التسربات لا تناسب موضوع المقال | قالب مكرر (نفس الهيكل في 135 مقالاً) | محتوى رفيع (372 كلمة)
10339,publish,شركة تنظيف خيام وبيوت شعر في قطر,shrkh-tnzyf-khyam-wbywt-shar-fy-qtr,https://www.rukn-eltatawer.com/qa/shrkh-tnzyf-khyam-wbywt-shar-fy-qtr/,396,2026-03-24,2026-09-09,إعادة كتابة كاملة,عالية,شورت كود غير مكتمل [post_features/steps/prices/services/call] | فقرة تحذير موحّدة عن التسربات لا تناسب موضوع المقال | قالب مكرر (نفس الهيكل في 135 مقالاً) | محتوى رفيع (396 كلمة)
10348,publish,شركة تنظيف دكت مكيفات في قطر,shrkh-tnzyf-dkt-mkyfat-fy-qtr,https://www.rukn-eltatawer.com/qa/shrkh-tnzyf-dkt-mkyfat-fy-qtr/,366,2026-03-24,2026-09-09,إعادة كتابة كاملة,عالية,شورت كود غير مكتمل [post_features/steps/prices/services/call] | فقرة تحذير موحّدة عن التسربات لا تناسب موضوع المقال | قالب مكرر (نفس الهيكل في 135 مقالاً) | محتوى رفيع (366 كلمة)
10346,publish,شركة تنظيف ستائر في قطر,shrkh-tnzyf-stayr-fy-qtr,https://www.rukn-eltatawer.com/qa/shrkh-tnzyf-stayr-fy-qtr/,378,2026-03-24,2026-09-09,إعادة كتابة كاملة,عالية,شورت كود غير مكتمل [post_features/steps/prices/services/call] | فقرة تحذير موحّدة عن التسربات لا تناسب موضوع المقال | قالب مكرر (نفس الهيكل في 135 مقالاً) | محتوى رفيع (378 كلمة)
10344,publish,شركة تنظيف سجاد وموكيت في قطر,shrkh-tnzyf-sjad-wmwkyt-fy-qtr,https://www.rukn-eltatawer.com/qa/shrkh-tnzyf-sjad-wmwkyt-fy-qtr/,387,2026-03-24,2026-09-09,إعادة كتابة كاملة,عالية,شورت كود غير مكتمل [post_features/steps/prices/services/call] | فقرة تحذير موحّدة عن التسربات لا تناسب موضوع المقال | قالب مكرر (نفس الهيكل في 135 مقالاً) | محتوى رفيع (387 كلمة)
10267,publish,شركة تنظيف شقق في قطر,apartment-cleaning-in-qatar,https://www.rukn-eltatawer.com/qa/apartment-cleaning-in-qatar/,378,2026-03-18,2026-09-09,إعادة كتابة كاملة,عالية,شورت كود غير مكتمل [post_features/steps/prices/services/call] | فقرة تحذير موحّدة عن التسربات لا تناسب موضوع المقال | قالب مكرر (نفس الهيكل في 135 مقالاً) | محتوى رفيع (378 كلمة)
10379,publish,شركة تنظيف غرف تفتيش في قطر,shrkh-tnzyf-ghrf-tftysh-fy-qtr,https://www.rukn-eltatawer.com/qa/shrkh-tnzyf-ghrf-tftysh-fy-qtr/,387,2026-03-24,2026-09-09,إعادة كتابة كاملة,عالية,شورت كود غير مكتمل [post_features/steps/prices/services/call] | فقرة تحذير موحّدة عن التسربات لا تناسب موضوع المقال | قالب مكرر (نفس الهيكل في 135 مقالاً) | محتوى رفيع (387 كلمة)
10264,publish,شركة تنظيف فلل في قطر,villa-cleaning-in-qatar,https://www.rukn-eltatawer.com/qa/villa-cleaning-in-qatar/,378,2026-03-18,2026-09-09,إعادة كتابة كاملة,عالية,شورت كود غير مكتمل [post_features/steps/prices/services/call] | فقرة تحذير موحّدة عن التسربات لا تناسب موضوع المقال | قالب مكرر (نفس الهيكل في 135 مقالاً) | محتوى رفيع (378 كلمة)
10337,publish,شركة تنظيف قصور في قطر,shrkh-tnzyf-qswr-fy-qtr,https://www.rukn-eltatawer.com/qa/shrkh-tnzyf-qswr-fy-qtr/,378,2026-03-24,2026-09-09,إعادة كتابة كاملة,عالية,شورت كود غير مكتمل [post_features/steps/prices/services/call] | فقرة تحذير موحّدة عن التسربات لا تناسب موضوع المقال | قالب مكرر (نفس الهيكل في 135 مقالاً) | محتوى رفيع (378 كلمة)
10345,publish,شركة تنظيف كنب في قطر,shrkh-tnzyf-knb-fy-qtr,https://www.rukn-eltatawer.com/qa/shrkh-tnzyf-knb-fy-qtr/,378,2026-03-24,2026-09-09,إعادة كتابة كاملة,عالية,شورت كود غير مكتمل [post_features/steps/prices/services/call] | فقرة تحذير موحّدة عن التسربات لا تناسب موضوع المقال | قالب مكرر (نفس الهيكل في 135 مقالاً) | محتوى رفيع (378 كلمة)
10338,publish,شركة تنظيف مجالس في قطر,shrkh-tnzyf-mjals-fy-qtr,https://www.rukn-eltatawer.com/qa/shrkh-tnzyf-mjals-fy-qtr/,378,2026-03-24,2026-09-09,إعادة كتابة كاملة,عالية,شورت كود غير مكتمل [post_features/steps/prices/services/call] | فقرة تحذير موحّدة عن التسربات لا تناسب موضوع المقال | قالب مكرر (نفس الهيكل في 135 مقالاً) | محتوى رفيع (378 كلمة)
10349,publish,شركة تنظيف مداخن مطاعم في قطر,shrkh-tnzyf-mdakhn-mtaam-fy-qtr,https://www.rukn-eltatawer.com/qa/shrkh-tnzyf-mdakhn-mtaam-fy-qtr/,387,2026-03-24,2026-09-09,إعادة كتابة كاملة,عالية,شورت كود غير مكتمل [post_features/steps/prices/services/call] | فقرة تحذير موحّدة عن التسربات لا تناسب موضوع المقال | قالب مكرر (نفس الهيكل في 135 مقالاً) | محتوى رفيع (387 كلمة)
10347,publish,شركة تنظيف مراتب في قطر,shrkh-tnzyf-mratb-fy-qtr,https://www.rukn-eltatawer.com/qa/shrkh-tnzyf-mratb-fy-qtr/,378,2026-03-24,2026-09-09,إعادة كتابة كاملة,عالية,شورت كود غير مكتمل [post_features/steps/prices/services/call] | فقرة تحذير موحّدة عن التسربات لا تناسب موضوع المقال | قالب مكرر (نفس الهيكل في 135 مقالاً) | محتوى رفيع (378 كلمة)
10341,publish,شركة تنظيف مسابح في قطر,shrkh-tnzyf-msabh-fy-qtr,https://www.rukn-eltatawer.com/qa/shrkh-tnzyf-msabh-fy-qtr/,351,2026-03-24,2026-09-09,إعادة كتابة كاملة,عالية,شورت كود غير مكتمل [post_features/steps/prices/services/call] | فقرة تحذير موحّدة عن التسربات لا تناسب موضوع المقال | قالب مكرر (نفس الهيكل في 135 مقالاً) | محتوى رفيع (351 كلمة)
10334,publish,شركة تنظيف منازل في قطر,shrkh-tnzyf-mnazl-fy-qtr-2,https://www.rukn-eltatawer.com/qa/shrkh-tnzyf-mnazl-fy-qtr-2/,2854,2026-09-15,2026-09-15,إعادة كتابة + دمج مع النسخة المكررة,عالية,نسخة 2026 أطول لكنها ما زالت قالباً ترويجياً مع روابط عناقيد غير موجودة
10258,publish,شركة تنظيف منازل في قطر,house-cleaning-in-qatar,https://www.rukn-eltatawer.com/qa/house-cleaning-in-qatar/,378,2026-03-17,2026-09-09,دمج وإعادة توجيه,عالية,شورت كود غير مكتمل [post_features/steps/prices/services/call] | فقرة تحذير موحّدة عن التسربات لا تناسب موضوع المقال | قالب مكرر (نفس الهيكل في 135 مقالاً) | محتوى رفيع (378 كلمة) | canonical longer is shrkh-tnzyf-mnazl-fy-qtr-2 but that one is also SEO-spam; keep one rewritten pillar
10343,publish,شركة تنظيف واجهات حجرية في قطر,shrkh-tnzyf-wajhat-hjryh-fy-qtr,https://www.rukn-eltatawer.com/qa/shrkh-tnzyf-wajhat-hjryh-fy-qtr/,387,2026-03-24,2026-09-09,إعادة كتابة كاملة,عالية,شورت كود غير مكتمل [post_features/steps/prices/services/call] | فقرة تحذير موحّدة عن التسربات لا تناسب موضوع المقال | قالب مكرر (نفس الهيكل في 135 مقالاً) | محتوى رفيع (387 كلمة)
10342,publish,شركة تنظيف واجهات زجاجية في قطر,shrkh-tnzyf-wajhat-zjajyh-fy-qtr,https://www.rukn-eltatawer.com/qa/shrkh-tnzyf-wajhat-zjajyh-fy-qtr/,357,2026-03-24,2026-09-09,إعادة كتابة كاملة,عالية,شورت كود غير مكتمل [post_features/steps/prices/services/call] | فقرة تحذير موحّدة عن التسربات لا تناسب موضوع المقال | قالب مكرر (نفس الهيكل في 135 مقالاً) | محتوى رفيع (357 كلمة)
10285,publish,شركة تنظيف وصيانة دكتات المكيفات في قطر,ac-duct-cleaning-and-maintenance-in-qatar,https://www.rukn-eltatawer.com/qa/ac-duct-cleaning-and-maintenance-in-qatar/,375,2026-03-18,2026-09-09,إعادة كتابة كاملة,عالية,شورت كود غير مكتمل [post_features/steps/prices/services/call] | فقرة تحذير موحّدة عن التسربات لا تناسب موضوع المقال | قالب مكرر (نفس الهيكل في 135 مقالاً) | محتوى رفيع (375 كلمة)
10351,publish,شركة جلي رخام في قطر,shrkh-jly-rkham-fy-qtr,https://www.rukn-eltatawer.com/qa/shrkh-jly-rkham-fy-qtr/,378,2026-03-24,2026-09-09,إعادة كتابة كاملة,عالية,شورت كود غير مكتمل [post_features/steps/prices/services/call] | فقرة تحذير موحّدة عن التسربات لا تناسب موضوع المقال | قالب مكرر (نفس الهيكل في 135 مقالاً) | محتوى رفيع (378 كلمة)
10420,publish,شركة دهانات خارجية في قطر,shrkh-dhanat-kharjyh-fy-qtr,https://www.rukn-eltatawer.com/qa/shrkh-dhanat-kharjyh-fy-qtr/,378,2026-03-24,2026-09-09,إعادة كتابة كاملة,عالية,شورت كود غير مكتمل [post_features/steps/prices/services/call] | فقرة تحذير موحّدة عن التسربات لا تناسب موضوع المقال | قالب مكرر (نفس الهيكل في 135 مقالاً) | محتوى رفيع (378 كلمة)
10419,publish,شركة دهانات داخلية في قطر,shrkh-dhanat-dakhlyh-fy-qtr,https://www.rukn-eltatawer.com/qa/shrkh-dhanat-dakhlyh-fy-qtr/,378,2026-03-24,2026-09-09,إعادة كتابة كاملة,عالية,شورت كود غير مكتمل [post_features/steps/prices/services/call] | فقرة تحذير موحّدة عن التسربات لا تناسب موضوع المقال | قالب مكرر (نفس الهيكل في 135 مقالاً) | محتوى رفيع (378 كلمة)
10421,publish,شركة ديكورات داخلية في قطر,shrkh-dykwrat-dakhlyh-fy-qtr,https://www.rukn-eltatawer.com/qa/shrkh-dykwrat-dakhlyh-fy-qtr/,378,2026-03-24,2026-09-09,إعادة كتابة كاملة,عالية,شورت كود غير مكتمل [post_features/steps/prices/services/call] | فقرة تحذير موحّدة عن التسربات لا تناسب موضوع المقال | قالب مكرر (نفس الهيكل في 135 مقالاً) | محتوى رفيع (378 كلمة)
10445,publish,شركة زراعة عشب طبيعي في قطر,shrkh-zraah-ashb-tbyay-fy-qtr,https://www.rukn-eltatawer.com/qa/shrkh-zraah-ashb-tbyay-fy-qtr/,391,2026-03-24,2026-09-09,إعادة كتابة كاملة,عالية,شورت كود غير مكتمل [post_features/steps/prices/services/call] | فقرة تحذير موحّدة عن التسربات لا تناسب موضوع المقال | قالب مكرر (نفس الهيكل في 135 مقالاً) | محتوى رفيع (391 كلمة)
10378,publish,شركة شفط بيارات في قطر,shrkh-shft-byarat-fy-qtr,https://www.rukn-eltatawer.com/qa/shrkh-shft-byarat-fy-qtr/,387,2026-03-24,2026-09-09,إعادة كتابة كاملة,عالية,شورت كود غير مكتمل [post_features/steps/prices/services/call] | فقرة تحذير موحّدة عن التسربات لا تناسب موضوع المقال | قالب مكرر (نفس الهيكل في 135 مقالاً) | محتوى رفيع (387 كلمة)
10440,publish,شركة صيانة أبواب أوتوماتيكية في قطر,shrkh-syanh-abwab-awtwmatykyh-fy-qtr,https://www.rukn-eltatawer.com/qa/shrkh-syanh-abwab-awtwmatykyh-fy-qtr/,361,2026-03-24,2026-09-09,إعادة كتابة كاملة,عالية,شورت كود غير مكتمل [post_features/steps/prices/services/call] | فقرة تحذير موحّدة عن التسربات لا تناسب موضوع المقال | قالب مكرر (نفس الهيكل في 135 مقالاً) | محتوى رفيع (361 كلمة)
10438,publish,شركة صيانة أبواب خشبية في قطر,shrkh-syanh-abwab-khshbyh-fy-qtr,https://www.rukn-eltatawer.com/qa/shrkh-syanh-abwab-khshbyh-fy-qtr/,361,2026-03-24,2026-09-09,إعادة كتابة كاملة,عالية,شورت كود غير مكتمل [post_features/steps/prices/services/call] | فقرة تحذير موحّدة عن التسربات لا تناسب موضوع المقال | قالب مكرر (نفس الهيكل في 135 مقالاً) | محتوى رفيع (361 كلمة)
10393,publish,شركة صيانة أفران في قطر,shrkh-syanh-afran-fy-qtr,https://www.rukn-eltatawer.com/qa/shrkh-syanh-afran-fy-qtr/,362,2026-03-24,2026-09-09,إعادة كتابة كاملة,عالية,شورت كود غير مكتمل [post_features/steps/prices/services/call] | فقرة تحذير موحّدة عن التسربات لا تناسب موضوع المقال | قالب مكرر (نفس الهيكل في 135 مقالاً) | محتوى رفيع (362 كلمة)
10269,publish,شركة صيانة تكييف مركزي في قطر,central-air-conditioning-maintenance-in-qatar,https://www.rukn-eltatawer.com/qa/central-air-conditioning-maintenance-in-qatar/,405,2026-03-18,2026-09-09,إعادة كتابة كاملة,عالية,شورت كود غير مكتمل [post_features/steps/prices/services/call] | فقرة تحذير موحّدة عن التسربات لا تناسب موضوع المقال | قالب مكرر (نفس الهيكل في 135 مقالاً) | محتوى رفيع (405 كلمة)
10390,publish,شركة صيانة ثلاجات في قطر,shrkh-syanh-thlajat-fy-qtr,https://www.rukn-eltatawer.com/qa/shrkh-syanh-thlajat-fy-qtr/,362,2026-03-24,2026-09-09,إعادة كتابة كاملة,عالية,شورت كود غير مكتمل [post_features/steps/prices/services/call] | فقرة تحذير موحّدة عن التسربات لا تناسب موضوع المقال | قالب مكرر (نفس الهيكل في 135 مقالاً) | محتوى رفيع (362 كلمة)
10381,publish,شركة صيانة دينامو في قطر,shrkh-syanh-dynamw-fy-qtr,https://www.rukn-eltatawer.com/qa/shrkh-syanh-dynamw-fy-qtr/,388,2026-03-24,2026-09-09,إعادة كتابة كاملة,عالية,شورت كود غير مكتمل [post_features/steps/prices/services/call] | فقرة تحذير موحّدة عن التسربات لا تناسب موضوع المقال | قالب مكرر (نفس الهيكل في 135 مقالاً) | محتوى رفيع (388 كلمة)
10290,publish,شركة صيانة سباكة في قطر,plumbing-maintenance-in-qatar,https://www.rukn-eltatawer.com/qa/plumbing-maintenance-in-qatar/,388,2026-03-18,2026-09-09,إعادة كتابة كاملة,عالية,شورت كود غير مكتمل [post_features/steps/prices/services/call] | فقرة تحذير موحّدة عن التسربات لا تناسب موضوع المقال | قالب مكرر (نفس الهيكل في 135 مقالاً) | محتوى رفيع (388 كلمة)
10384,publish,شركة صيانة سخانات مياه في قطر,shrkh-syanh-skhanat-myah-fy-qtr,https://www.rukn-eltatawer.com/qa/shrkh-syanh-skhanat-myah-fy-qtr/,397,2026-03-24,2026-09-09,إعادة كتابة كاملة,عالية,شورت كود غير مكتمل [post_features/steps/prices/services/call] | فقرة تحذير موحّدة عن التسربات لا تناسب موضوع المقال | قالب مكرر (نفس الهيكل في 135 مقالاً) | محتوى رفيع (397 كلمة)
10394,publish,شركة صيانة طباخات في قطر,shrkh-syanh-tbakhat-fy-qtr,https://www.rukn-eltatawer.com/qa/shrkh-syanh-tbakhat-fy-qtr/,362,2026-03-24,2026-09-09,إعادة كتابة كاملة,عالية,شورت كود غير مكتمل [post_features/steps/prices/services/call] | فقرة تحذير موحّدة عن التسربات لا تناسب موضوع المقال | قالب مكرر (نفس الهيكل في 135 مقالاً) | محتوى رفيع (362 كلمة)
10407,publish,شركة صيانة عامة في قطر,shrkh-syanh-aamh-fy-qtr,https://www.rukn-eltatawer.com/qa/shrkh-syanh-aamh-fy-qtr/,374,2026-03-24,2026-09-09,إعادة كتابة كاملة,عالية,شورت كود غير مكتمل [post_features/steps/prices/services/call] | فقرة تحذير موحّدة عن التسربات لا تناسب موضوع المقال | قالب مكرر (نفس الهيكل في 135 مقالاً) | محتوى رفيع (374 كلمة)
10389,publish,شركة صيانة غرف تبريد وتجميد في قطر,shrkh-syanh-ghrf-tbryd-wtjmyd-fy-qtr,https://www.rukn-eltatawer.com/qa/shrkh-syanh-ghrf-tbryd-wtjmyd-fy-qtr/,370,2026-03-24,2026-09-09,إعادة كتابة كاملة,عالية,شورت كود غير مكتمل [post_features/steps/prices/services/call] | فقرة تحذير موحّدة عن التسربات لا تناسب موضوع المقال | قالب مكرر (نفس الهيكل في 135 مقالاً) | محتوى رفيع (370 كلمة)
10391,publish,شركة صيانة غسالات في قطر,shrkh-syanh-ghsalat-fy-qtr,https://www.rukn-eltatawer.com/qa/shrkh-syanh-ghsalat-fy-qtr/,362,2026-03-24,2026-09-09,إعادة كتابة كاملة,عالية,شورت كود غير مكتمل [post_features/steps/prices/services/call] | فقرة تحذير موحّدة عن التسربات لا تناسب موضوع المقال | قالب مكرر (نفس الهيكل في 135 مقالاً) | محتوى رفيع (362 كلمة)
10402,publish,شركة صيانة كاميرات مراقبة في قطر,shrkh-syanh-kamyrat-mraqbh-fy-qtr,https://www.rukn-eltatawer.com/qa/shrkh-syanh-kamyrat-mraqbh-fy-qtr/,386,2026-03-24,2026-09-09,إعادة كتابة كاملة,عالية,شورت كود غير مكتمل [post_features/steps/prices/services/call] | فقرة تحذير موحّدة عن التسربات لا تناسب موضوع المقال | قالب مكرر (نفس الهيكل في 135 مقالاً) | محتوى رفيع (386 كلمة)
10398,publish,شركة صيانة كهرباء في قطر,shrkh-syanh-khrba-fy-qtr,https://www.rukn-eltatawer.com/qa/shrkh-syanh-khrba-fy-qtr/,377,2026-03-24,2026-09-09,إعادة كتابة كاملة,عالية,شورت كود غير مكتمل [post_features/steps/prices/services/call] | فقرة تحذير موحّدة عن التسربات لا تناسب موضوع المقال | قالب مكرر (نفس الهيكل في 135 مقالاً) | محتوى رفيع (377 كلمة)
10408,publish,شركة صيانة مباني في قطر,shrkh-syanh-mbany-fy-qtr,https://www.rukn-eltatawer.com/qa/shrkh-syanh-mbany-fy-qtr/,374,2026-03-24,2026-09-09,إعادة كتابة كاملة,عالية,شورت كود غير مكتمل [post_features/steps/prices/services/call] | فقرة تحذير موحّدة عن التسربات لا تناسب موضوع المقال | قالب مكرر (نفس الهيكل في 135 مقالاً) | محتوى رفيع (374 كلمة)
10452,publish,شركة صيانة مسابح في قطر,shrkh-syanh-msabh-fy-qtr,https://www.rukn-eltatawer.com/qa/shrkh-syanh-msabh-fy-qtr/,382,2026-03-24,2026-09-09,إعادة كتابة كاملة,عالية,شورت كود غير مكتمل [post_features/steps/prices/services/call] | فقرة تحذير موحّدة عن التسربات لا تناسب موضوع المقال | قالب مكرر (نفس الهيكل في 135 مقالاً) | محتوى رفيع (382 كلمة)
10441,publish,شركة صيانة مصاعد في قطر,shrkh-syanh-msaad-fy-qtr,https://www.rukn-eltatawer.com/qa/shrkh-syanh-msaad-fy-qtr/,353,2026-03-24,2026-09-09,إعادة كتابة كاملة,عالية,شورت كود غير مكتمل [post_features/steps/prices/services/call] | فقرة تحذير موحّدة عن التسربات لا تناسب موضوع المقال | قالب مكرر (نفس الهيكل في 135 مقالاً) | محتوى رفيع (353 كلمة)
10254,publish,شركة صيانة مكيفات سبليت في قطر,split-ac-maintenance-in-qatar,https://www.rukn-eltatawer.com/qa/split-ac-maintenance-in-qatar/,405,2026-03-17,2026-09-09,إعادة كتابة كاملة,عالية,شورت كود غير مكتمل [post_features/steps/prices/services/call] | فقرة تحذير موحّدة عن التسربات لا تناسب موضوع المقال | قالب مكرر (نفس الهيكل في 135 مقالاً) | محتوى رفيع (405 كلمة)
10395,publish,شركة صيانة ميكروويف في قطر,shrkh-syanh-mykrwwyf-fy-qtr,https://www.rukn-eltatawer.com/qa/shrkh-syanh-mykrwwyf-fy-qtr/,362,2026-03-24,2026-09-09,إعادة كتابة كاملة,عالية,شورت كود غير مكتمل [post_features/steps/prices/services/call] | فقرة تحذير موحّدة عن التسربات لا تناسب موضوع المقال | قالب مكرر (نفس الهيكل في 135 مقالاً) | محتوى رفيع (362 كلمة)
10392,publish,شركة صيانة نشافات في قطر,shrkh-syanh-nshafat-fy-qtr,https://www.rukn-eltatawer.com/qa/shrkh-syanh-nshafat-fy-qtr/,362,2026-03-24,2026-09-09,إعادة كتابة كاملة,عالية,شورت كود غير مكتمل [post_features/steps/prices/services/call] | فقرة تحذير موحّدة عن التسربات لا تناسب موضوع المقال | قالب مكرر (نفس الهيكل في 135 مقالاً) | محتوى رفيع (362 كلمة)
10324,publish,شركة عزل أسطح في قطر,shrkh-azl-asth-fy-qtr,https://www.rukn-eltatawer.com/qa/shrkh-azl-asth-fy-qtr/,428,2026-03-24,2026-09-09,إعادة كتابة كاملة,عالية,شورت كود غير مكتمل [post_features/steps/prices/services/call] | فقرة تحذير موحّدة عن التسربات لا تناسب موضوع المقال | قالب مكرر (نفس الهيكل في 135 مقالاً) | محتوى رفيع (428 كلمة)
10328,publish,شركة عزل حراري في قطر,shrkh-azl-hrary-fy-qtr,https://www.rukn-eltatawer.com/qa/shrkh-azl-hrary-fy-qtr/,428,2026-03-24,2026-09-09,إعادة كتابة كاملة,عالية,شورت كود غير مكتمل [post_features/steps/prices/services/call] | فقرة تحذير موحّدة عن التسربات لا تناسب موضوع المقال | قالب مكرر (نفس الهيكل في 135 مقالاً) | محتوى رفيع (428 كلمة)
10326,publish,شركة عزل حمامات في قطر,shrkh-azl-hmamat-fy-qtr,https://www.rukn-eltatawer.com/qa/shrkh-azl-hmamat-fy-qtr/,428,2026-03-24,2026-09-09,إعادة كتابة كاملة,عالية,شورت كود غير مكتمل [post_features/steps/prices/services/call] | فقرة تحذير موحّدة عن التسربات لا تناسب موضوع المقال | قالب مكرر (نفس الهيكل في 135 مقالاً) | محتوى رفيع (428 كلمة)
10325,publish,شركة عزل خزانات في قطر,shrkh-azl-khzanat-fy-qtr,https://www.rukn-eltatawer.com/qa/shrkh-azl-khzanat-fy-qtr/,428,2026-03-24,2026-09-09,إعادة كتابة كاملة,عالية,شورت كود غير مكتمل [post_features/steps/prices/services/call] | فقرة تحذير موحّدة عن التسربات لا تناسب موضوع المقال | قالب مكرر (نفس الهيكل في 135 مقالاً) | محتوى رفيع (428 كلمة)
10331,publish,شركة عزل صوتي في قطر,shrkh-azl-swty-fy-qtr,https://www.rukn-eltatawer.com/qa/shrkh-azl-swty-fy-qtr/,428,2026-03-24,2026-09-09,إعادة كتابة كاملة,عالية,شورت كود غير مكتمل [post_features/steps/prices/services/call] | فقرة تحذير موحّدة عن التسربات لا تناسب موضوع المقال | قالب مكرر (نفس الهيكل في 135 مقالاً) | محتوى رفيع (428 كلمة)
10330,publish,شركة عزل فوم في قطر,shrkh-azl-fwm-fy-qtr,https://www.rukn-eltatawer.com/qa/shrkh-azl-fwm-fy-qtr/,428,2026-03-24,2026-09-09,إعادة كتابة كاملة,عالية,شورت كود غير مكتمل [post_features/steps/prices/services/call] | فقرة تحذير موحّدة عن التسربات لا تناسب موضوع المقال | قالب مكرر (نفس الهيكل في 135 مقالاً) | محتوى رفيع (428 كلمة)
10329,publish,شركة عزل مائي في قطر,shrkh-azl-mayy-fy-qtr,https://www.rukn-eltatawer.com/qa/shrkh-azl-mayy-fy-qtr/,428,2026-03-24,2026-09-09,إعادة كتابة كاملة,عالية,شورت كود غير مكتمل [post_features/steps/prices/services/call] | فقرة تحذير موحّدة عن التسربات لا تناسب موضوع المقال | قالب مكرر (نفس الهيكل في 135 مقالاً) | محتوى رفيع (428 كلمة)
10327,publish,شركة عزل مطابخ في قطر,shrkh-azl-mtabkh-fy-qtr,https://www.rukn-eltatawer.com/qa/shrkh-azl-mtabkh-fy-qtr/,428,2026-03-24,2026-09-09,إعادة كتابة كاملة,عالية,شورت كود غير مكتمل [post_features/steps/prices/services/call] | فقرة تحذير موحّدة عن التسربات لا تناسب موضوع المقال | قالب مكرر (نفس الهيكل في 135 مقالاً) | محتوى رفيع (428 كلمة)
10387,publish,شركة غسيل مكيفات في قطر,shrkh-ghsyl-mkyfat-fy-qtr,https://www.rukn-eltatawer.com/qa/shrkh-ghsyl-mkyfat-fy-qtr/,396,2026-03-24,2026-09-09,إعادة كتابة كاملة,عالية,شورت كود غير مكتمل [post_features/steps/prices/services/call] | فقرة تحذير موحّدة عن التسربات لا تناسب موضوع المقال | قالب مكرر (نفس الهيكل في 135 مقالاً) | محتوى رفيع (396 كلمة)
10333,publish,شركة فحص مباني في قطر,shrkh-fhs-mbany-fy-qtr,https://www.rukn-eltatawer.com/qa/shrkh-fhs-mbany-fy-qtr/,356,2026-03-24,2026-09-09,إعادة كتابة كاملة,عالية,شورت كود غير مكتمل [post_features/steps/prices/services/call] | فقرة تحذير موحّدة عن التسربات لا تناسب موضوع المقال | قالب مكرر (نفس الهيكل في 135 مقالاً) | محتوى رفيع (356 كلمة)
10367,publish,شركة فك وتركيب أثاث في قطر,shrkh-fk-wtrkyb-athath-fy-qtr,https://www.rukn-eltatawer.com/qa/shrkh-fk-wtrkyb-athath-fy-qtr/,366,2026-03-24,2026-09-09,إعادة كتابة كاملة,عالية,شورت كود غير مكتمل [post_features/steps/prices/services/call] | فقرة تحذير موحّدة عن التسربات لا تناسب موضوع المقال | قالب مكرر (نفس الهيكل في 135 مقالاً) | محتوى رفيع (366 كلمة)
10446,publish,شركة قص أشجار في قطر,shrkh-qs-ashjar-fy-qtr,https://www.rukn-eltatawer.com/qa/shrkh-qs-ashjar-fy-qtr/,350,2026-03-24,2026-09-09,إعادة كتابة كاملة,عالية,شورت كود غير مكتمل [post_features/steps/prices/services/call] | فقرة تحذير موحّدة عن التسربات لا تناسب موضوع المقال | قالب مكرر (نفس الهيكل في 135 مقالاً) | محتوى رفيع (350 كلمة)
11148,publish,شركة كشف تسربات التكييف في الدوحة,ac-leak-detection-doha,https://www.rukn-eltatawer.com/qa/ac-leak-detection-doha/,380,2026-09-02,2026-09-09,إعادة كتابة كاملة,عالية,شورت كود غير مكتمل [post_features/steps/prices/services/call] | فقرة تحذير موحّدة عن التسربات لا تناسب موضوع المقال | قالب مكرر (نفس الهيكل في 135 مقالاً) | محتوى رفيع (380 كلمة)
11140,publish,شركة كشف تسربات الغاز في الدوحة,gas-leak-detection-doha,https://www.rukn-eltatawer.com/qa/gas-leak-detection-doha/,377,2026-09-02,2026-09-09,دمج وإعادة توجيه,عالية,شورت كود غير مكتمل [post_features/steps/prices/services/call] | فقرة تحذير موحّدة عن التسربات لا تناسب موضوع المقال | قالب مكرر (نفس الهيكل في 135 مقالاً) | محتوى رفيع (377 كلمة) | duplicate of shrkh-kshf-tsrbat-alghaz-fy-qtr
10322,publish,شركة كشف تسربات الغاز في قطر,shrkh-kshf-tsrbat-alghaz-fy-qtr,https://www.rukn-eltatawer.com/qa/shrkh-kshf-tsrbat-alghaz-fy-qtr/,377,2026-03-24,2026-09-09,دمج وإعادة توجيه,عالية,شورت كود غير مكتمل [post_features/steps/prices/services/call] | فقرة تحذير موحّدة عن التسربات لا تناسب موضوع المقال | قالب مكرر (نفس الهيكل في 135 مقالاً) | محتوى رفيع (377 كلمة) | duplicate of gas-leak-detection-doha
10323,publish,شركة كشف تسربات المسابح في قطر,shrkh-kshf-tsrbat-almsabh-fy-qtr,https://www.rukn-eltatawer.com/qa/shrkh-kshf-tsrbat-almsabh-fy-qtr/,376,2026-03-24,2026-09-09,إعادة كتابة كاملة,عالية,شورت كود غير مكتمل [post_features/steps/prices/services/call] | فقرة تحذير موحّدة عن التسربات لا تناسب موضوع المقال | قالب مكرر (نفس الهيكل في 135 مقالاً) | محتوى رفيع (376 كلمة)
2973,publish,شركة كشف تسربات المياه في قطر,water-leak-detection-company-in-qatar,https://www.rukn-eltatawer.com/qa/water-leak-detection-company-in-qatar/,6476,2026-03-14,2026-09-02,تحديث وإعادة هيكلة,حرجة,مقال طويل جداً (6476 كلمة) بأسلوب مبالغ وادعاءات يصعب إثباتها | يحتاج اختصاراً وتحويلاً إلى دليل عملي بدل صفحة بيع
10332,publish,شركة معالجة الرطوبة في قطر,shrkh-maaljh-alrtwbh-fy-qtr,https://www.rukn-eltatawer.com/qa/shrkh-maaljh-alrtwbh-fy-qtr/,428,2026-03-24,2026-09-09,إعادة كتابة كاملة,عالية,شورت كود غير مكتمل [post_features/steps/prices/services/call] | فقرة تحذير موحّدة عن التسربات لا تناسب موضوع المقال | قالب مكرر (نفس الهيكل في 135 مقالاً) | محتوى رفيع (428 كلمة)
10409,publish,شركة مقاولات عامة في قطر,shrkh-mqawlat-aamh-fy-qtr,https://www.rukn-eltatawer.com/qa/shrkh-mqawlat-aamh-fy-qtr/,374,2026-03-24,2026-09-09,إعادة كتابة كاملة,عالية,شورت كود غير مكتمل [post_features/steps/prices/services/call] | فقرة تحذير موحّدة عن التسربات لا تناسب موضوع المقال | قالب مكرر (نفس الهيكل في 135 مقالاً) | محتوى رفيع (374 كلمة)
10272,publish,شركة مكافحة الصراصير في قطر,cockroach-control-in-qatar,https://www.rukn-eltatawer.com/qa/cockroach-control-in-qatar/,386,2026-03-18,2026-09-09,دمج وإعادة توجيه,عالية,شورت كود غير مكتمل [post_features/steps/prices/services/call] | فقرة تحذير موحّدة عن التسربات لا تناسب موضوع المقال | قالب مكرر (نفس الهيكل في 135 مقالاً) | محتوى رفيع (386 كلمة) | duplicate of shrkh-mkafhh-srasyr-fy-qtr
10277,publish,شركة مكافحة النمل الأبيض في قطر,termite-control-in-qatar,https://www.rukn-eltatawer.com/qa/termite-control-in-qatar/,395,2026-03-18,2026-09-09,إعادة كتابة كاملة,عالية,شورت كود غير مكتمل [post_features/steps/prices/services/call] | فقرة تحذير موحّدة عن التسربات لا تناسب موضوع المقال | قالب مكرر (نفس الهيكل في 135 مقالاً) | محتوى رفيع (395 كلمة)
10274,publish,شركة مكافحة بق الفراش في قطر,bed-bug-control-in-qatar,https://www.rukn-eltatawer.com/qa/bed-bug-control-in-qatar/,395,2026-03-18,2026-09-09,إعادة كتابة كاملة,عالية,شورت كود غير مكتمل [post_features/steps/prices/services/call] | فقرة تحذير موحّدة عن التسربات لا تناسب موضوع المقال | قالب مكرر (نفس الهيكل في 135 مقالاً) | محتوى رفيع (395 كلمة)
10361,publish,شركة مكافحة حشرات زراعية في قطر,shrkh-mkafhh-hshrat-zraayh-fy-qtr,https://www.rukn-eltatawer.com/qa/shrkh-mkafhh-hshrat-zraayh-fy-qtr/,395,2026-03-24,2026-09-09,إعادة كتابة كاملة,عالية,شورت كود غير مكتمل [post_features/steps/prices/services/call] | فقرة تحذير موحّدة عن التسربات لا تناسب موضوع المقال | قالب مكرر (نفس الهيكل في 135 مقالاً) | محتوى رفيع (395 كلمة)
10261,publish,شركة مكافحة حشرات في قطر,pest-control-in-qatar,https://www.rukn-eltatawer.com/qa/pest-control-in-qatar/,386,2026-03-17,2026-09-09,إعادة كتابة كاملة,عالية,شورت كود غير مكتمل [post_features/steps/prices/services/call] | فقرة تحذير موحّدة عن التسربات لا تناسب موضوع المقال | قالب مكرر (نفس الهيكل في 135 مقالاً) | محتوى رفيع (386 كلمة)
10357,publish,شركة مكافحة صراصير في قطر,shrkh-mkafhh-srasyr-fy-qtr,https://www.rukn-eltatawer.com/qa/shrkh-mkafhh-srasyr-fy-qtr/,2762,2026-09-15,2026-09-15,إعادة كتابة + دمج مع النسخة المكررة,عالية,نسخة 2026 أطول لكنها ما زالت قالباً ترويجياً مع روابط عناقيد غير موجودة
10360,publish,شركة مكافحة عقارب وثعابين في قطر,shrkh-mkafhh-aqarb-wthaabyn-fy-qtr,https://www.rukn-eltatawer.com/qa/shrkh-mkafhh-aqarb-wthaabyn-fy-qtr/,395,2026-03-24,2026-09-09,إعادة كتابة كاملة,عالية,شورت كود غير مكتمل [post_features/steps/prices/services/call] | فقرة تحذير موحّدة عن التسربات لا تناسب موضوع المقال | قالب مكرر (نفس الهيكل في 135 مقالاً) | محتوى رفيع (395 كلمة)
10358,publish,شركة مكافحة فئران وقوارض في قطر,shrkh-mkafhh-fyran-wqward-fy-qtr,https://www.rukn-eltatawer.com/qa/shrkh-mkafhh-fyran-wqward-fy-qtr/,395,2026-03-24,2026-09-09,إعادة كتابة كاملة,عالية,شورت كود غير مكتمل [post_features/steps/prices/services/call] | فقرة تحذير موحّدة عن التسربات لا تناسب موضوع المقال | قالب مكرر (نفس الهيكل في 135 مقالاً) | محتوى رفيع (395 كلمة)
10300,publish,شركة نقل أثاث خارجي في قطر,outdoor-furniture-moving-in-qatar,https://www.rukn-eltatawer.com/qa/outdoor-furniture-moving-in-qatar/,366,2026-03-18,2026-09-09,إعادة كتابة كاملة,عالية,شورت كود غير مكتمل [post_features/steps/prices/services/call] | فقرة تحذير موحّدة عن التسربات لا تناسب موضوع المقال | قالب مكرر (نفس الهيكل في 135 مقالاً) | محتوى رفيع (366 كلمة)
10298,publish,شركة نقل أثاث داخلي في قطر,interior-furniture-moving-in-qatar,https://www.rukn-eltatawer.com/qa/interior-furniture-moving-in-qatar/,366,2026-03-18,2026-09-09,إعادة كتابة كاملة,عالية,شورت كود غير مكتمل [post_features/steps/prices/services/call] | فقرة تحذير موحّدة عن التسربات لا تناسب موضوع المقال | قالب مكرر (نفس الهيكل في 135 مقالاً) | محتوى رفيع (366 كلمة)
10365,publish,شركة نقل أثاث في قطر,shrkh-nql-athath-fy-qtr,https://www.rukn-eltatawer.com/qa/shrkh-nql-athath-fy-qtr/,357,2026-03-24,2026-09-09,إعادة كتابة كاملة,عالية,شورت كود غير مكتمل [post_features/steps/prices/services/call] | فقرة تحذير موحّدة عن التسربات لا تناسب موضوع المقال | قالب مكرر (نفس الهيكل في 135 مقالاً) | محتوى رفيع (357 كلمة)
10364,publish,شركة نقل عفش في قطر,shrkh-nql-afsh-fy-qtr,https://www.rukn-eltatawer.com/qa/shrkh-nql-afsh-fy-qtr/,357,2026-03-24,2026-09-09,إعادة كتابة كاملة,عالية,شورت كود غير مكتمل [post_features/steps/prices/services/call] | فقرة تحذير موحّدة عن التسربات لا تناسب موضوع المقال | قالب مكرر (نفس الهيكل في 135 مقالاً) | محتوى رفيع (357 كلمة)
10295,publish,شركة نقل عفش مع التغليف في قطر,furniture-moving-with-packing-in-qatar,https://www.rukn-eltatawer.com/qa/furniture-moving-with-packing-in-qatar/,375,2026-03-18,2026-09-09,إعادة كتابة كاملة,عالية,شورت كود غير مكتمل [post_features/steps/prices/services/call] | فقرة تحذير موحّدة عن التسربات لا تناسب موضوع المقال | قالب مكرر (نفس الهيكل في 135 مقالاً) | محتوى رفيع (375 كلمة)
10418,publish,شركة هدم مباني في قطر,shrkh-hdm-mbany-fy-qtr,https://www.rukn-eltatawer.com/qa/shrkh-hdm-mbany-fy-qtr/,374,2026-03-24,2026-09-09,إعادة كتابة كاملة,عالية,شورت كود غير مكتمل [post_features/steps/prices/services/call] | فقرة تحذير موحّدة عن التسربات لا تناسب موضوع المقال | قالب مكرر (نفس الهيكل في 135 مقالاً) | محتوى رفيع (374 كلمة)
10353,publish,عاملات تنظيف بالساعة في قطر,aamlat-tnzyf-balsaah-fy-qtr,https://www.rukn-eltatawer.com/qa/aamlat-tnzyf-balsaah-fy-qtr/,380,2026-03-24,2026-09-09,إعادة كتابة كاملة,عالية,شورت كود غير مكتمل [post_features/steps/prices/services/call] | فقرة تحذير موحّدة عن التسربات لا تناسب موضوع المقال | قالب مكرر (نفس الهيكل في 135 مقالاً) | محتوى رفيع (380 كلمة)
10280,publish,فني تركيب وصيانة تكييف في قطر,ac-installation-and-maintenance-technician-in-qatar,https://www.rukn-eltatawer.com/qa/ac-installation-and-maintenance-technician-in-qatar/,405,2026-03-18,2026-09-09,إعادة كتابة كاملة,عالية,شورت كود غير مكتمل [post_features/steps/prices/services/call] | فقرة تحذير موحّدة عن التسربات لا تناسب موضوع المقال | قالب مكرر (نفس الهيكل في 135 مقالاً) | محتوى رفيع (405 كلمة)
7391,publish,مكتب استقدام في قطر,recruitment-in-qatar,https://www.rukn-eltatawer.com/qa/recruitment-in-qatar/,2090,2026-09-15,2026-09-15,استبدال أو إلغاء نشر,حرجة,خارج تخصص الموقع ويذكر منافساً (مكتب هنادي) بأسلوب ترويجي
10437,publish,منجرة نجارة أثاث في قطر,mnjrh-njarh-athath-fy-qtr,https://www.rukn-eltatawer.com/qa/mnjrh-njarh-athath-fy-qtr/,348,2026-03-24,2026-09-09,إعادة كتابة كاملة,عالية,شورت كود غير مكتمل [post_features/steps/prices/services/call] | فقرة تحذير موحّدة عن التسربات لا تناسب موضوع المقال | قالب مكرر (نفس الهيكل في 135 مقالاً) | محتوى رفيع (348 كلمة)
